id	title	description	link	image_link	brand	condition	availability	price	short_description	product_type	google_product_category
337	Aviator Sunglasses	Gunmetal frame with crystal gradient polycarbonate lenses in grey.	http://magento192.tv.net/aviator-sunglasses.html?___store=default	http://magento192.tv.net/media/catalog/product/a/c/ace000a_1.jpg	Madison Island	new	in stock	295.00 USD	A timeless accessory staple, the unmistakable teardrop lenses of our Aviator sunglasses appeal to everyone from suits to rock stars to citizens of the world.	Default Category > Accessories > Eyewear	
338	Jackie O Round Sunglasses	Acetate frame. Polycarbonate lenses.	http://magento192.tv.net/jackie-o-round-sunglasses.html?___store=default	http://magento192.tv.net/media/catalog/product/a/c/ace001_1.jpg	Madison Island	new	in stock	225.00 USD	These distinct, feminine frames balance a classic Jackie-O styling with a modern look.	Default Category > Accessories > Eyewear | Default Category > Sale > Accessories	
339	Retro Chic Eyeglasses	Acetate frame. Polycarbonate lenses.	http://magento192.tv.net/retro-chic-eyeglasses.html?___store=default	http://magento192.tv.net/media/catalog/product/a/c/ace002a_1.jpg	Madison Island	new	in stock	295.00 USD	Madison Island Retro chic lenses are stylish on both men and women.	Default Category > Accessories > Eyewear	
370	Isla Crossbody Handbag	Pebbled leather. Contrast stitching. Fold over flap with Fasten closure. Crossbody strap. 6" x 8" x 0.75".	http://magento192.tv.net/isla-crossbody-handbag.html?___store=default	http://magento192.tv.net/media/catalog/product/a/b/abl000_4.jpg	Madison Island	new	in stock	290.00 USD	Form follows function with this decidedly chic mini bag.	Default Category > Accessories > Bags & Luggage	
371	Florentine Satchel Handbag	Leather. Silver hardware. Inside open pocket. Fasten closure, fabric lining. Handles with 7" drop. 14" x 3.5" x 9". Imported.	http://magento192.tv.net/florentine-satchel-handbag.html?___store=default	http://magento192.tv.net/media/catalog/product/a/b/abl001_1.jpg	Madison Island	new	out of stock	625.00 USD	Carry it all with the spacious and stylishFlorentine Satchel.	Default Category > Accessories > Bags & Luggage	
372	Flatiron Tablet Sleeve	Pebble textured leather tabled case. Top zip closure. Exterior zipper pocket. Fully lined with back wall slip pocket. 8.75" x 11" x .5". Imported.	http://magento192.tv.net/leather-tablet-sleeve.html?___store=default	http://magento192.tv.net/media/catalog/product/a/b/abl002b_1.jpg	Madison Island	new	in stock	150.00 USD	Protect your tablet with our minimal tablet sleeve.	Default Category > Accessories > Bags & Luggage	
373	Broad St. Flapover Briefcase	Leather, with flap closure. Padded carrying handles. Main compartment has padded laptop pocket, file section and organizer panel. Quick access back pocket. Padded adjustable shoulder strap. 16" x 12" x 3.5". Domestic.	http://magento192.tv.net/flapover-briefcase.html?___store=default	http://magento192.tv.net/media/catalog/product/a/b/abl003b_1.jpg	Madison Island	new	in stock	570.00 USD	Make an impression at overseas business meetings.	Default Category > VIP | Default Category > Accessories > Bags & Luggage	
374	Houston Travel Wallet	Leather. 4" x 6.5" x 0.5"	http://magento192.tv.net/rolls-travel-wallet.html?___store=default	http://magento192.tv.net/media/catalog/product/a/b/abl004a_1.jpg	Madison Island	new	in stock	210.00 USD	Just the right size for your passport, tickets and other essentials, this leather wallet is the perfect travel carry all.	Default Category > VIP | Default Category > Accessories > Bags & Luggage	
375	Roller Suitcase	Zip closure. Water resistant hard polycarbonate shell. All direction spinner wheels. Retractable plastic handle. Cross strap interior. 29" x 20" x 13".	http://magento192.tv.net/roller-suitcase.html?___store=default	http://magento192.tv.net/media/catalog/product/a/b/abl005a_1.jpg	Madison Island	new	in stock	650.00 USD	No more baggage claim mixups! Our Roller in bold cobalt blue is sure to standout in a sea of suitcases.	Default Category > Accessories > Bags & Luggage	
378	Body Wash with Lemon Flower Extract and Aloe Vera	Lemon flower and Aloe Vera extract. Super moisturizing.	http://magento192.tv.net/body-wash-with-lemon-flower-extract-and-aloe-vera.html?___store=default	http://magento192.tv.net/media/catalog/product/h/d/hdb000_1.jpg	Madison Island	new	in stock	28.00 USD	A rich lather, infused with lemon flower awakens the senses.	Default Category > Home & Decor > Bed & Bath	
379	Bath Minerals and Salt	100% pure Dead Sea salts. Fragrance.	http://magento192.tv.net/bath-minerals-and-salt.html?___store=default	http://magento192.tv.net/media/catalog/product/h/d/hdb001_2.jpg	Madison Island	new	out of stock	25.00 USD	Just what your body needs after a long day on the road. Soak, relax and reenergize with 100% natural Dead Sea salt crystals and minerals.	Default Category > Home & Decor > Bed & Bath	
380	Shea Enfused Hydrating Body Lotion	Milk and shea extracts. Long lasting moisturizer. 100% natural and gentle enough for sensitive skin. Fast absorbing. Non greasy. 250mL/8.4oz. Domestic.	http://magento192.tv.net/shea-enfused-hydrating-body-lotion.html?___store=default	http://magento192.tv.net/media/catalog/product/h/d/hdb002_1.jpg	Madison Island	new	in stock	28.00 USD	Experience the perfect escape with this irresistable blend of milk extract and shea.	Default Category > Home & Decor > Bed & Bath	
381	Titian Raw Silk Pillow	20" x 20". Raw Silk. Hidden zipper closure. Interior pillow included. 100% polyester fill. Dry clean. Imported.	http://magento192.tv.net/titian-raw-silk-pillow.html?___store=default	http://magento192.tv.net/media/catalog/product/h/d/hdb005_1.jpg	Madison Island	new	in stock	125.00 USD	An exquisite home accent, our bazaar inspired raw silk square pillow is a statement in luxury. Interior pillow included.	Default Category > Home & Decor > Bed & Bath	
382	Shay Printed Pillow	20" x 20". Printed polyester. Hidden zipper closure. Interior pillow included. 100% polyester fill. Spot clean. Imported.	http://magento192.tv.net/shay-printed-pillow.html?___store=default	http://magento192.tv.net/media/catalog/product/h/d/hdb006_1.jpg	Madison Island	new	in stock	210.00 USD	A distinctive printed pillow that fills any room with classic appeal.	Default Category > Home & Decor > Bed & Bath	
383	Carnegie Alpaca Throw	Woven alpaca wool. 4" fringe detail. Dry clean. Imported.	http://magento192.tv.net/carnegie-alpaca-throw.html?___store=default	http://magento192.tv.net/media/catalog/product/h/d/hdb007_1.jpg	Madison Island	new	in stock	275.00 USD	A luxuriously soft throw made of long-fiber lambs wool woven into a Chevron twill.	Default Category > Home & Decor > Bed & Bath	
384	Park Row Throw	Woven acrylic/wool/cotton. 50" x 75". Spot clean.	http://magento192.tv.net/park-row-throw.html?___store=default	http://magento192.tv.net/media/catalog/product/h/d/hdb008_1.jpg	Madison Island	new	in stock	120.00 USD	A rustic wool blend leaves our Park Row Throw feeling lofty and warm. Packs perfectly into carry-ons.	Default Category > Home & Decor > Bed & Bath | Default Category > Sale > Home & Decor	
385	Gramercy Throw	Woven cotton. 60" x 72". Machine wash.	http://magento192.tv.net/gramercy-throw.html?___store=default	http://magento192.tv.net/media/catalog/product/h/d/hdb009_1.jpg	Madison Island	new	in stock	275.00 USD	Wrap yourself in this incredibly soft and luxurious blanket for all climate comfort.	Default Category > Home & Decor > Bed & Bath	
386	Herald Glass Vase	Blown glass. 10" diameter. 17" high. Imported.	http://magento192.tv.net/herald-glass-vase.html?___store=default	http://magento192.tv.net/media/catalog/product/h/d/hdd000_1.jpg	Madison Island	new	in stock	110.00 USD	The uniquely shaped Herand Glass Vase packs easily and adds instant impact.	Default Category > Home & Decor > Decorative Accents	
389	Stone Salt and Pepper Shakers	Glazed stoneware. 2" diam. 5.5" x 5.5" coaster. Set of 2. Domestic.	http://magento192.tv.net/stone-salt-and-pepper-shakers.html?___store=default	http://magento192.tv.net/media/catalog/product/h/d/hdd004_1.jpg	Madison Island	new	in stock	65.00 USD	A subtle nod to Old World antiquity.	Default Category > Home & Decor > Decorative Accents	
390	Fragrance Diffuser Reeds	8" diffuser reeds. 2oz fragrance oil. Decorative wood container.	http://magento192.tv.net/fragrance-diffuser-reeds.html?___store=default	http://magento192.tv.net/media/catalog/product/h/d/hdd005_1.jpg	Madison Island	new	in stock	75.00 USD	A clean and effective delivery of continuous flameless fragrance to enhance your home.	Default Category > Home & Decor > Decorative Accents	
391	Geometric Candle Holders	Painted glass. Geometric pattern. Set of 3. Domestic.	http://magento192.tv.net/geometric-candle-holders.html?___store=default	http://magento192.tv.net/media/catalog/product/h/d/hdd006_1.jpg	Madison Island	new	in stock	90.00 USD	A simple and stylish way to add warmth and dimension to any room. Perfect for gifting.	Default Category > VIP | Default Category > Home & Decor > Decorative Accents	
392	Madison LX2200	10x Optical Zoom with 24mm Wide-angle and close up.10.7-megapixel backside illuminated CMOS sensor for low light shooting.  3" Multi-angle LCD. SD/SDXC slot. Full HD Video. High speed continuous shooting (up to 5 shots in approx one second) Built in GPS. Easy Panorama. Rechargable Li-ion battery. File formats: Still-JPEG, Audio- WAV, Movies-MOV. Image size: up to 4600x3400. Built in flash. 3.5" x 5" x 4". 20oz.	http://magento192.tv.net/madison-lx2200.html?___store=default	http://magento192.tv.net/media/catalog/product/h/d/hde001t_2.jpg	Madison Island	new	in stock	425.00 USD	The compact travel friendly solution for sightseers.	Default Category > Home & Decor > Electronics	
393	Madison RX3400	18-55mm zoom lens. 3.0" LCD display with image editing features.  Built in flash with flash modes and pop up. SD/SDXC slot. Full 1080p HD video. Rechargable Lithium-Ion battery. File formats: NEF (RAW), JPEG, MOV. 5" x 3" x 4", 15oz.	http://magento192.tv.net/madison-rx3400.html?___store=default	http://magento192.tv.net/media/catalog/product/h/d/hde003a_2.jpg	Madison Island	new	in stock	715.00 USD	For budding photo connoisseurs.	Default Category > VIP | Default Category > Home & Decor > Electronics	
394	16GB Memory Card	16GB SD memory card. Shock, water, and xray resistant.	http://magento192.tv.net/16gb-memory-card.html?___store=default	http://magento192.tv.net/media/catalog/product/h/d/hde004__1.jpg	Madison Island	new	in stock	30.00 USD	Keeping all your travel memories compact. 16GB.	Default Category > Home & Decor > Electronics	
395	8GB Memory Card	8GB SD memory card. Shock, water, and xray resistant.	http://magento192.tv.net/8gb-memory-card.html?___store=default	http://magento192.tv.net/media/catalog/product/h/d/hde005_.jpg	Madison Island	new	in stock	20.00 USD	Keeping all your travel memories compact. 8GB.	Default Category > Home & Decor > Electronics	
396	Large Camera Bag	Flap closure. Microfiber. 8.5" x 5" x 6". Domestic.	http://magento192.tv.net/large-camera-bag.html?___store=default	http://magento192.tv.net/media/catalog/product/h/d/hde006t.jpg	Madison Island	new	in stock	120.00 USD	Keep your camera safe and secure in our Large Camera case.	Default Category > Home & Decor > Electronics	
397	Madison Earbuds	Balanced audio. Enhanced bass.  Includes cable clip, diaphragm guard, cleaning tool, travel pouch and airline adapter.	http://magento192.tv.net/madison-earbuds.html?___store=default	http://magento192.tv.net/media/catalog/product/h/d/hde010_1.jpg	Madison Island	new	in stock	35.00 USD	Why not play the Amelie Soundtrack while parading through Parisian rues? Madison earbuds deliver crisp clear sound with minimal distortion.	Default Category > Home & Decor > Electronics	
398	Madison Overear Headphones	Steel and aluminum. Soft leather pivoting earcups and adjustable headband.  Enhanced bass. Aggressive noise cancellation.	http://magento192.tv.net/madison-overear-headphones.html?___store=default	http://magento192.tv.net/media/catalog/product/h/d/hde011_1.jpg	Madison Island	new	in stock	125.00 USD	Escape the sleepless city buzz with robust sound and aggressive noise cancellation.	Default Category > Home & Decor > Electronics	
399	Madison 8GB Digital Media Player	2.5-inch LCD screen for crisp, colorful video. Compatible with multiple audio formats. Available in 8GB. Earbuds not included.	http://magento192.tv.net/madison-8gb-digital-media-player.html?___store=default	http://magento192.tv.net/media/catalog/product/h/d/hde012_3.jpg	Madison Island	new	in stock	150.00 USD	Expidite a long flight by getting into the groove with our plug and play mp3 player. Download movies, pictures or up to 3000 songs with the included USB cable.	Default Category > Home & Decor > Electronics	
400	Compact mp3 Player	Ultra Compact. Up to 4GB built in flash memory. The microSD slot supports up to a 16GB microSDHC card for expanded storage options. Music and radio. Lithium-ion battery that runs up to 8 hours when fully charged. USB cable included. Earbuds not included.	http://magento192.tv.net/compact-mp3-player.html?___store=default	http://magento192.tv.net/media/catalog/product/h/d/hde013_.jpg	Madison Island	new	out of stock	40.00 USD	Save space without sacrificing sound quality.	Default Category > Home & Decor > Electronics	
402	French Cuff Cotton Twill Oxford	Button front. Long sleeves. Tapered collar, chest pocket, french cuffs.	http://magento192.tv.net/french-cuff-cotton-twill-oxford-573.html?___store=default	http://magento192.tv.net/media/catalog/product/m/s/msj000t_2.jpg	Madison Island	new	in stock	190.00 USD	Made with wrinkle resistant cotton twill, this French-cuffed luxury dress shirt is perfect for Business Class frequent flyers.	Default Category > Men > Shirts	
403	Slim fit Dobby Oxford Shirt	Tailored/Slim fit. Long sleeves. Button cuff. Cotton. Imported.	http://magento192.tv.net/slim-fit-dobby-oxford-shirt-575.html?___store=default	http://magento192.tv.net/media/catalog/product/m/s/msj003t_2.jpg	Madison Island	new	in stock	140.00 USD	A bold hue and understated dobby detail bring refined nuance to this modern dress shirt.	Default Category > Men > Shirts | Default Category > Sale > Men	
404	Plaid Cotton Shirt	Available in Sharp fit. Refined collar. Button cuff. Cotton. Machine wash. Made in US.	http://magento192.tv.net/plaid-cotton-shirt-577.html?___store=default	http://magento192.tv.net/media/catalog/product/m/s/msj006t.jpg	Madison Island	new	in stock	160.00 USD	This everyday shirt is equally stylish with jeans or trousers.	Default Category > Men > Shirts	
405	Sullivan Sport Coat	Two button, single vented, notched lapels. Three buttons at cuff. Interior buttoned welt pockets. Full polyester lining. 100% wool. Dry clean.	http://magento192.tv.net/oxford-sport-coat-477.html?___store=default	http://magento192.tv.net/media/catalog/product/m/s/msj009t.jpg	Madison Island	new	in stock	510.00 USD	This modern, slim-fit sport jacket is crafted from ultralight refined wool and tailored to a two-button silhouete. Corresponding trousers form a spring-season suit that you can wear whereever.	Default Category > Men > Blazers	
406	Linen Blazer	Single vented, notched lapels. Flap pockets. Tonal stitching. Fully lined. Linen. Dry clean.	http://magento192.tv.net/linen-blazer-585.html?___store=default	http://magento192.tv.net/media/catalog/product/m/s/msj012t_2.jpg	Madison Island	new	in stock	455.00 USD	In airy lightweight linen, this blazer is classic tailoring with a warm weather twist.	Default Category > Men | Default Category > Men > New Arrivals | Default Category > Men > Blazers	
407	Stretch Cotton Blazer	Two button, single vented, notched lapels. Slim cut through the shoulders chest and waist. Flap pockets, welt inside chest pockets. Cotton/lycra. Dry clean.	http://magento192.tv.net/stretch-cotton-blazer-587.html?___store=default	http://magento192.tv.net/media/catalog/product/m/s/msj015t_1.jpg	Madison Island	new	in stock	490.00 USD	Sleek and modern, our form flattering blazer carries a slightly relaxed, yet structured shape. Timeless in any time zone.	Default Category > Men > Blazers	
408	Chelsea Tee	Ultrasoft, lightweight V-neck tee. 100% cotton. Machine wash.	http://magento192.tv.net/chelsea-tee-718.html?___store=default	http://magento192.tv.net/media/catalog/product/m/t/mtk000t.jpg	Madison Island	new	in stock	75.00 USD	Minimalist style and maximum comfort meet in this lightweight tee.	Default Category > Men > Tees, Knits and Polos	
409	Chelsea Tee	Ultrasoft, lightweight V-neck tee. 100% cotton. Machine wash.	http://magento192.tv.net/chelsea-tee-719.html?___store=default	http://magento192.tv.net/media/catalog/product/m/t/mtk002t.jpg	Madison Island	new	in stock	75.00 USD	Minimalist style and maximum comfort meet in this lightweight tee.	Default Category > Men > Tees, Knits and Polos	
410	Chelsea Tee	Ultrasoft, lightweight V-neck tee. 100% cotton. Machine wash.	http://magento192.tv.net/chelsea-tee-720.html?___store=default	http://magento192.tv.net/media/catalog/product/m/t/mtk004t.jpg	Madison Island	new	in stock	75.00 USD	Minimalist style and maximum comfort meet in this lightweight tee.	Default Category > Men > New Arrivals | Default Category > Men > Tees, Knits and Polos	
411	Merino V-neck Pullover Sweater	Long sleeve, pull over style. V-neck. Relaxed fit through the chest. Ribbed neckline, cuff and hem. 100% Merino wool. Dry clean.	http://magento192.tv.net/merino-v-neck-pullover-sweater-561.html?___store=default	http://magento192.tv.net/media/catalog/product/m/t/mtk006t.jpg	Madison Island	new	in stock	210.00 USD	A classy V-neck sweater crafted from smooth refined Merino wool. Essential for layering when changing climates.	Default Category > Men > Tees, Knits and Polos	
412	Lexington Cardigan Sweater	V-neck cardigan. Mother of pearl front button closure. Two dart pockets. Ribbed cuff and hem. 100% cotton. Hand wash.	http://magento192.tv.net/lexington-cardigan-sweater-566.html?___store=default	http://magento192.tv.net/media/catalog/product/m/t/mtk009t.jpg	Madison Island	new	in stock	240.00 USD	A lean, raglan sleeve cardigan with cosmopolitan appeal.	Default Category > VIP | Default Category > Men > Tees, Knits and Polos	
413	Core Striped Sport Shirt	Slim fit. Two chest pockets. Silver grommet detail. Grinding and nicking at hems. 100% cotton.	http://magento192.tv.net/core-striped-sport-shirt-551.html?___store=default	http://magento192.tv.net/media/catalog/product/m/t/mtk012t.jpg	Madison Island	new	in stock	125.00 USD	This grommet closure sports shirt is wrinkle free straight from the dryer.	Default Category > Men > Tees, Knits and Polos	
414	Bowery Chino Pants	Straight leg chino. Back pockets with button closure. 14" leg opening. Zip fly. 100% cotton.	http://magento192.tv.net/bowery-chino-pants-546.html?___store=default	http://magento192.tv.net/media/catalog/product/m/p/mpd003t.jpg	Madison Island	new	in stock	140.00 USD	The slim and trim Bowery is a wear-to-work pant you'll actually want to wear. A clean style in our crisp, compact cotton twill, it's perfectly polished (but also comfortable enough for hanging out after hours).	Default Category > Men | Default Category > Men > Pants & Denim	
415	The Essential Boot Cut Jean	Lightly faded cotton denim. Sits below waist. Slim through hip and thigh. 15" leg opening. Zip fly. Machine wash.	http://magento192.tv.net/the-essential-boot-cut-jean-547.html?___store=default	http://magento192.tv.net/media/catalog/product/m/p/mpd006t_2.jpg	Madison Island	new	in stock	140.00 USD	The new standard in denim, this jean is the rightful favorite among our designers. Made from lightly distressed denim to achieve that perfectly broken-in feel.	Default Category > Men > Pants & Denim	
416	Flat Front  Trouser	Flat front trouser. Slim through the hip thigh and ankle. Zip fly. Lined. 100% wool. Dry clean.	http://magento192.tv.net/flat-front-trouser-548.html?___store=default	http://magento192.tv.net/media/catalog/product/m/p/mpd012t.jpg	Madison Island	new	in stock	195.00 USD	Thanks to its timeless versatility, these flat front trousers are perfectly suited to wear wherever and still stand apart.	Default Category > Men > Pants & Denim	
417	NoLIta Cami	Silk cami. Tie front detail, with hook and eye. Ruched neckline. Loose through the chest and bodice. 100% Silk. Dry clean.	http://magento192.tv.net/nolita-cami-591.html?___store=default	http://magento192.tv.net/media/catalog/product/w/b/wbk000t.jpg	Madison Island	new	in stock	150.00 USD	Cut from tissue-weight silk crepe de chine, this airy style features a ruched neckline with tie and an unfinished hem for a contrastinly rugged feel. Compliment yours with skinny jeans.	Default Category > Women > Tops & Blouses	
418	Tori Tank	Ribbed scoop neck tank. 100% cotton.Machine wash.	http://magento192.tv.net/tori-tank-590.html?___store=default	http://magento192.tv.net/media/catalog/product/w/b/wbk003t.jpg	Madison Island	new	in stock	60.00 USD	A simple ribbed cotton tank. Great for layering.	Default Category > Women | Default Category > Women > New Arrivals | Default Category > Women > Tops & Blouses	
419	Delancy Cardigan Sweater	Oversized knitted silk blend cardigan. Front button closure. Ribbed hem. Silk/rayon. Dry clean.	http://magento192.tv.net/delancy-cardigan-sweater-592.html?___store=default	http://magento192.tv.net/media/catalog/product/w/b/wbk006t_2.jpg	Madison Island	new	in stock	275.00 USD	Refresh your knitwear collection with our silk blend top. Layer over a bold hue for maximum contrast.	Default Category > Women > Tops & Blouses	
420	Ludlow Oxford Top	Oxford, fitted through the waist. V-neck, front button closure.100% cotton. Machine wash.	http://magento192.tv.net/ludlow-oxford-top-594.html?___store=default	http://magento192.tv.net/media/catalog/product/w/b/wbk009t.jpg	Madison Island	new	in stock	185.00 USD	No matter where you are in the world, a crisp, clean oxford is always in style.	Default Category > Women > Tops & Blouses	
421	Elizabeth Knit Top	Loose fitting from the shoulders, open weave knit top. Semi sheer.  Slips on. Faux button closure detail on the back. Linen/Cotton. Machine wash.	http://magento192.tv.net/elizabeth-knit-top-596.html?___store=default	http://magento192.tv.net/media/catalog/product/w/b/wbk012t.jpg	Madison Island	new	in stock	210.00 USD	The demure Elizabeth Knit features a semi sheer open weave and a forgiving silhouette. A nude camisole underneath keeps a stylish but conservative look.	Default Category > Women > New Arrivals | Default Category > Women > Tops & Blouses	
422	Essex Pencil Skirt	Knee length skirt. Sits on natural waist. Fitted through the hip. Exposed waist belt loops. Hidden zip and hook and eye closure in back. Full lining. Wool/cotton/polyester. Machine wash.	http://magento192.tv.net/essex-pencil-skirt-532.html?___store=default	http://magento192.tv.net/media/catalog/product/w/s/wsd000t.jpg	Madison Island	new	in stock	185.00 USD	A classic pencil skirt that feels refreshingly modern. Crafted from our lighweight refined wool, the Jane skirt is an essential piece for on-the-go professionals.	Default Category > Women > Dresses & Skirts	
423	Racer Back Maxi Dress	Racer back maxi dress. Pull over style. Loose fitting. Straight skirt falls to floor. Viscose.	http://magento192.tv.net/racer-back-maxi-dress-608.html?___store=default	http://magento192.tv.net/media/catalog/product/w/s/wsd005t_2.jpg	Madison Island	new	in stock	224.00 USD	This classic maxi dress drapes beautifully throughout body and sweeps in a light A-line to the floor. Keep a casual chic look by pairing with a jean jacket or go glam with a statement necklace.	Default Category > Women > Dresses & Skirts | Default Category > Sale > Women	
424	Ludlow Sheath Dress	Sleeveless, jewel neckline with deep Vee in back. Fitted through waist and hip. 100% polyester lining. Cotton/wool. Dry clean.	http://magento192.tv.net/ludlow-sheath-dress.html?___store=default	http://magento192.tv.net/media/catalog/product/w/s/wsd008t_2.jpg	Madison Island	new	in stock	305.00 USD	Our feminine wool-blend frock transitions seamlessly from day to night. We suggest wearing with classic heels and a standout strand necklace.	Default Category > Women > Dresses & Skirts	
425	Lafayette Convertible Dress	Two sash, convertible neckline with front ruffle detail. Unhemmed, visisble seams. Hidden side zipper. Unlined. Wool/elastane. Hand wash.	http://magento192.tv.net/lafayette-convertible-dress.html?___store=default	http://magento192.tv.net/media/catalog/product/w/s/wsd013t.jpg	Madison Island	new	in stock	340.00 USD	This all day dress has a flattering silhouette and a convertible neckline to suit your mood. Wear tied and tucked in a sailor knot, or reverse it for a high tied feminine bow.	Default Category > Women > New Arrivals | Default Category > Women > Dresses & Skirts	
426	TriBeCa Skinny Jean	Ultra slim-fit, stretch denim. Mid rise. 5 pockets, tonal stitching,. Cotton. Machine wash.	http://magento192.tv.net/tribeca-skinny-jean.html?___store=default	http://magento192.tv.net/media/catalog/product/w/p/wpd000t.jpg	Madison Island	new	in stock	185.00 USD	The perfect jean for travel. Extra strech for a comfortable and flattering fit. Pair with a loose fit top and nude pumps for a modern silhouette.	Default Category > Women > Pants & Denim	
427	DUMBO Boyfriend Jean	Straight leg boyfriend-fit. Distressed denim. 5 pockets. Contrast stitch detailing. Large to size, choose size down. Machine wash.	http://magento192.tv.net/dumbo-boyfriend-jean.html?___store=default	http://magento192.tv.net/media/catalog/product/w/p/wpd005t.jpg	Madison Island	new	in stock	210.00 USD	Our straight leg jeans combine the comfort of a boyfriend-fit with the clean look of tailoring. Wear yours cuffed with a collar blouse and feminine flats to look fresh even after a long flight	Default Category > VIP | Default Category > Women > Pants & Denim	
428	Park Avenue Pleat Front Trousers	Wide leg pant, front pleat detail. Sits on natural waist. Wool, unlined. Dry clean.	http://magento192.tv.net/park-avenue-pleat-front-trousers-673.html?___store=default	http://magento192.tv.net/media/catalog/product/w/p/wpd010t.jpg	Madison Island	new	in stock	245.00 USD	Break away from the trend with these elegant pleat front pants. The high waistline and wide leg creates a feminine sihouette that's flattering on any figure. Pair with d'Orsay pumps and a waist belt.	Default Category > Women | Default Category > Women > Pants & Denim	
430	Barclay d'Orsay pump, Nude	Leather. 3.5" heel. Peep toe and ankle strap. Leather insole and lining.	http://magento192.tv.net/barclay-d-orsay-pump-nude.html?___store=default	http://magento192.tv.net/media/catalog/product/a/w/aws000a_2.jpg	Madison Island	new	in stock	390.00 USD	Step forward with a fresh and neutral hued finish.	Default Category > Accessories > Shoes	
431	Ann Ankle Boot	Leather. Inside zipper. 3-button outside detail. 4.5" heel, 1" platform, 3.5" equiv. Leather insole and lining. Red sole. Made in Italy.	http://magento192.tv.net/borgha-ankle-boot-551.html?___store=default	http://magento192.tv.net/media/catalog/product/a/w/aws005a_2.jpg	Madison Island	new	in stock	470.00 USD	A stylish companion to your LBD or skinny jeans.	Default Category > Accessories > Shoes	
432	Hana Flat, Charcoal	Suede. Square toe. 1/4" flat heel. Padded leather insole and lining. Rubber outsole provides traction.	http://magento192.tv.net/hana-flat-charcoal-552.html?___store=default	http://magento192.tv.net/media/catalog/product/a/w/aws010.jpg	Madison Island	new	in stock	210.00 USD	The slip on style is ideal for everyday use.	Default Category > Accessories > Shoes	
433	Dorian Perforated Oxford	Polished leather upper. Perforated detail on toe. Oxford lace-up front. Leather lining and footbed. 1" rubber heel. Imported.	http://magento192.tv.net/dorian-preforated-oxford-553.html?___store=default	http://magento192.tv.net/media/catalog/product/a/m/ams000a_2.jpg	Madison Island	new	in stock	410.00 USD	Crafted from premium polished leather, unrivaled in design.	Default Category > Accessories > Shoes	
434	Wingtip Cognac Oxford	Wingtip medallion toe oxford with contrast waxed cotton laces.  Leather upper and lining. Leather sole. Made in Italy.	http://magento192.tv.net/wingtip-cognac-oxford-554.html?___store=default	http://magento192.tv.net/media/catalog/product/a/m/ams005a_2.jpg	Madison Island	new	in stock	375.00 USD	Classic cognac wingtip with a modern silhouette--it only gets better with wear.	Default Category > Accessories > Shoes	
435	Suede Loafer, Navy	Suede loafer. Contrast stitching. Leather lined. Imported.	http://magento192.tv.net/suede-loafer-navy-555.html?___store=default	http://magento192.tv.net/media/catalog/product/a/m/ams010a_2.jpg	Madison Island	new	in stock	310.00 USD	Make a statement, even when relaxed and casual. The classic loafer design elevates even the most dressed down look.	Default Category > Accessories > Shoes	
436	Classic Hardshell Suitcase	Water resistant hard polycarbonate shell. All direction spinner wheels. Zip closure. Locking, retractable metal handle. Cross strap and self repairing zipper interior. Padded side handle for lateral carry. 21" x 17" x 10".	http://magento192.tv.net/classic-hardshell-suitcase-586.html?___store=default	http://magento192.tv.net/media/catalog/product/a/b/abl0006a_1.jpg	Madison Island	new	in stock	600.00 USD	Some like it classic. This luggage provides ample room for multiday trips.	Default Category > Accessories > Bags & Luggage	
437	Modern Murray Ceramic Vase	Ceramic. 5.5" diameter, 12" high.	http://magento192.tv.net/modern-murray-ceramic-vase-482.html?___store=default	http://magento192.tv.net/media/catalog/product/h/d/hdd001_2.jpg	Madison Island	new	in stock	135.00 USD	Modern, edgy, distinct. Choose from two colors.	Default Category > VIP | Default Category > Home & Decor > Decorative Accents	
439	Luggage Set	Water resistant hard polycarbonate shell. All direction spinner wheels. Zip closure. Locking, retractable metal handle. Cross strap and self repairing zipper interior. Padded side handle for lateral carry. 21" x 17" x 10" and/or 29" x 20" x 13".	http://magento192.tv.net/luggage-set.html?___store=default	http://magento192.tv.net/media/catalog/product/a/b/abl0008.jpg	Madison Island	new	in stock	600.00 USD	Heavy duty, hard shell Luggage	Default Category > Accessories > Bags & Luggage	
440	Vase Set	Ceramic. 5.5" diameter, 12" high. Domestic.	http://magento192.tv.net/vase-set.html?___store=default	http://magento192.tv.net/media/catalog/product/h/d/hdd003.jpg	Madison Island	new	in stock	135.00 USD	Murray modern vase set	Default Category > Home & Decor > Decorative Accents	
441	3-Year Warranty	3-Year coverage from date of purchase on hardware failures. Fixed or receive full replacement cost in 5 days or less - guaranteed. Free 2-way shipping for repairs. 100% parts and labor covered with no deductables. Fully transferable with gifts. Cancel anytime for a full refund within the first 30 days.	http://magento192.tv.net/3-year-warranty.html?___store=default	http://magento192.tv.net/media/catalog/product/h/d/hde007_3.jpg	Madison Island	new	in stock	75.00 USD	Madison Island 3-Year Camera Warrenty	Default Category > Home & Decor > Electronics	
442	5-Year Warranty	5-Year coverage from date of purchase on hardware failures. Fixed or receive full replacement cost in 5 days or less - guaranteed. Free 2-way shipping for repairs. 100% parts and labor covered with no deductables. Fully transferable with gifts. Cancel anytime for a full refund within the first 30 days.	http://magento192.tv.net/5-year-warranty.html?___store=default	http://magento192.tv.net/media/catalog/product/h/d/hde007_2.jpg	Madison Island	new	in stock	100.00 USD	Madison Island 5-Year Camera Warrenty	Default Category > Home & Decor > Electronics	
445	Camera Travel Set	Includes our Camera Case, and your choice between our Digital Camera or our DSLR, 16GB or 8GB memory card, and 3-year or 5-year warranty.	http://magento192.tv.net/camera-travel-set.html?___store=default	http://magento192.tv.net/media/catalog/product/h/d/hde001t_1.jpg	Madison Island	new	in stock	445.00 USD	Conveniently pick up your Camera, Memory, Warranty and Camera Case all at once.	Default Category > Home & Decor > Electronics	
446	MP3 Player with Audio	Includes a choice between our Compact MP3 player or our Digital Media Player and Earbuds or Headphones.	http://magento192.tv.net/mp3-player-with-audio.html?___store=default	http://magento192.tv.net/media/catalog/product/h/d/hde012_2.jpg	Madison Island	new	in stock	185.00 USD	Pick up your Media Player and Audio Output together.	Default Category > Home & Decor > Electronics	
447	Pillow and Throw Set	Includes a choice between Titian Raw Silk Pillow or Shay Printed Pillow and our Carnegia Alpaca Throw or Park Row Throw or Gramercy Throw.	http://magento192.tv.net/pillow-and-throw-set.html?___store=default	http://magento192.tv.net/media/catalog/product/h/d/hdb010.jpg	Madison Island	new	in stock	245.00 USD	A conveniently packaged pairing of our pillows and throws.	Default Category > Home & Decor | Default Category > Home & Decor > Bed & Bath	
448	A Tale of Two Cities	Novel by Charles Dickens, published both serially and in book form in 1859. The story is set in the late 18th century against the background of the French Revolution.While political events drive the story, Dickens takes a decidedly antipolitical tone, lambasting both aristocratic tyranny and revolutionary excess--the latter memorably caricatured in Madame Defarge, who knits beside the guillotine. The book is perhaps best known for its opening lines, "It was the best of times, it was the worst of times," and for Carton's last speech, in which he says of his replacing Darnay in a prison cell, "It is a far, far better thing that I do, than I have ever done; it is a far, far better rest that I go to, than I have ever known."	http://magento192.tv.net/a-tale-of-two-cities.html?___store=default	http://magento192.tv.net/media/catalog/product/t/a/tale_two_cities_1_1.jpg	Madison Island	new	in stock	10.00 USD	Against the backdrop of the French Revolution, Charles Dickens unfolds a masterpiece of drama, adventure, and courage.	Default Category > VIP | Default Category > Home & Decor > Books & Music	
450	Alice in Wonderland	After a tumble down the rabbit hole, Alice finds herself far away from home in the absurd world of Wonderland. As mind-bending as it is delightful, Lewis Carrollâ€™s 1865 novel is pure magic for young and old alike. 96pp. Downloadable as pdf.	http://magento192.tv.net/alice-in-wonderland.html?___store=default	http://magento192.tv.net/media/catalog/product/a/l/alice_wonderland.jpeg	Madison Island	new	in stock	5.00 USD	Adventures of a young girl in a fantasy world.	Default Category > Home & Decor > Books & Music	
456	Khaki Bowery Chino Pants	Straight leg chino. Back pockets with button closure. 14" leg opening. Zip fly. 100% cotton.	http://magento192.tv.net/khaki-bowery-chino-pants.html?___store=default	http://magento192.tv.net/media/catalog/product/m/p/mpd000t.jpg	Madison Island	new	in stock	140.00 USD	The slim and trim Bowery is a wear-to-work pant you'll actually want to wear. A clean style in our crisp, compact cotton twill, it's perfectly polished (but also comfortable enough for hanging out after hours).	Default Category > Men | Default Category > Men > New Arrivals | Default Category > Men > Pants & Denim	
546	Pearl Strand Necklace	AA& quality 6.0-6.5mm pearls. Double knotted on silk thread. 24" strand. 14K gold hook-and-eye clasp. Made in Indonesia.	http://magento192.tv.net/pearl-strand-necklace.html?___store=default	http://magento192.tv.net/media/catalog/product/a/c/acj001_1_2.jpg	Madison Island	new	in stock	250.00 USD	For a discreet display of pure elegance. Layer multi strands or compliment with pearl or diamond studs. 18" or 24"	Default Category > Accessories > Jewelry	
549	Blue Horizons Bracelets	Set of 3. Glass beads on metal band. 2.75" diameter. Made in India.	http://magento192.tv.net/blue-horizons-bracelets.html?___store=default	http://magento192.tv.net/media/catalog/product/a/c/acj006_2.jpg	Madison Island	new	in stock	55.00 USD	Add a pop of color with these handmade bangles from India.	Default Category > Accessories > Jewelry	
551	Pearl Stud Earrings	AA& quality 6.5mm pearl. 14K gold post. Made in Indonesia.	http://magento192.tv.net/pearl-stud-earrings.html?___store=default	http://magento192.tv.net/media/catalog/product/a/c/acj003_2.jpg	Madison Island	new	in stock	110.00 USD	Prim and demure, pearl studs are a cross cultural symbol of style and refinement.	Default Category > Accessories > Jewelry	
552	Swing Time Earrings	Carved horn. Sterling silver hook. 2.25". Made in Haiti.	http://magento192.tv.net/swing-time-earrings.html?___store=default	http://magento192.tv.net/media/catalog/product/a/c/acj004_2.jpg	Madison Island	new	in stock	75.00 USD	Artisans from nonprofit Comite Artisanal Haitien in Port-au-Prince fashion these tasteful earrings from shaped horn. Each pair possesses its own unique natural beauty.	Default Category > Accessories > Jewelry	
553	Silver Desert Necklace	Traditional Tuareg design on hand-hammered and chiseled silver. The Tuareg of Saharan Africa are known for their decorative jewelry craft. 16". Silver, stone beads. Made in Niger.	http://magento192.tv.net/silver-desert-necklace.html?___store=default	http://magento192.tv.net/media/catalog/product/a/c/acj000_2.jpg	Madison Island	new	in stock	210.00 USD	Wear your passport by adding an edgy and artistic statement necklace. Ethnic design on hand-hammered and chiseled silver.	Default Category > Accessories > Jewelry	
554	Swiss Movement Sports Watch	Swiss quartz movement. Date function. 3-hands. Notch markers. Round, stainless steel case (42 mm x 15 x 13) and link strap (19mm x 8.25"); Traditional clasp. Pull-out crown. Water resistant 125 feet.	http://magento192.tv.net/swiss-movement-sports-watch.html?___store=default	http://magento192.tv.net/media/catalog/product/a/c/acj005_2.jpg	Madison Island	new	in stock	500.00 USD	A traditional timepiece with edgy detailing.	Default Category > Accessories > Jewelry	
555	Pearl Necklace Set	AA& quality 6.0-6.5mm pearls. Double knotted on silk thread. 24" strand. 14K gold hook-and-eye clasp. Made in Indonesia.	http://magento192.tv.net/pearl-necklace-set-test.html?___store=default	http://magento192.tv.net/media/catalog/product/a/c/acj007_1_2.jpg	Madison Island	new	in stock	110.00 USD	Fresh Water Pearl Necklaces	Default Category > Accessories > Jewelry	
557	Around the World in 80 Days	For a bet, Phileas Fogg sets out with his servant Passeportout to achieve an incredible journey - from London to Paris, Brindisi, Suez, Bombay, Calcutta, Singapore, Hong Kong, San Francisco, New York and back to London again, all in just eighty days. There are many alarms and surprises along the way - and a last minute setback that makes all the difference between winning and losing.	http://magento192.tv.net/around-the-world-in-80-days.html?___store=default	http://magento192.tv.net/media/catalog/product/8/0/80_days.jpg	Madison Island	new	in stock	5.00 USD	A classic adventure novel in which a Londoner and his French valet take a bet to circumnavigate the world in 80 days.	Default Category > Home & Decor > Books & Music	
558	Falling by I Am Not Lefthanded	Falling by  I Am Not Lefthanded. Album: Yes Means No. Running time 3:16. Downloadable as mp3.	http://magento192.tv.net/falling-by-i-am-not-lefthanded.html?___store=default	http://magento192.tv.net/media/catalog/product/l/e/lefthanded.png	Madison Island	new	in stock	2.00 USD	Single off the album Yes Means No.	Default Category > Home & Decor > Books & Music	
559	If You Were by Keshco	If You Were by Keshco. Album: Trolley Crash. Duration: 3:31. Downloadable as mp3.	http://magento192.tv.net/if-you-were-by-keshco.html?___store=default	http://magento192.tv.net/media/catalog/product/k/e/keshco.jpg	Madison Island	new	in stock	2.00 USD	Tunes for the trip.	Default Category > Home & Decor > Books & Music	
560	Can't Stop It by Shearer	Can't Stop It by Shearer. Album: Eve. Duration: 2:49. Downloadable as mp3.	http://magento192.tv.net/can-t-stop-it-by-shearer.html?___store=default	http://magento192.tv.net/media/catalog/product/s/h/shearer_2.jpg	Madison Island	new	in stock	2.00 USD	Tunes for the trip.	Default Category > Home & Decor > Books & Music	
561	Love is an Eternal Lie by The Sleeping Tree	Love is an Eternal Lie by The Sleeping Tree. Album: Music to Accompany the World Traveller. Duration: 3:11. Downloadable as mp3.	http://magento192.tv.net/love-is-an-eternal-lie-by-the-sleeping-tree.html?___store=default	http://magento192.tv.net/media/catalog/product/s/l/sleepingtree_1.jpg	Madison Island	new	in stock	2.00 USD	Music to Accompany the World Traveller.	Default Category > Home & Decor > Books & Music	
563	Fire [Kalima remix] by Unannounced Guest	Fire [Kalima remix] by Unannounced Guest. Duration: 2:48. Downloadable as mp3.	http://magento192.tv.net/fire-kalima-remix-by-unannounced-guest.html?___store=default	http://magento192.tv.net/media/catalog/product/u/n/unannouncedguest.jpg	Madison Island	new	in stock	2.00 USD	Tunes for the trip.	Default Category > Home & Decor > Books & Music	
564	Madison Island VIP Membership - 1 Year	Membership is valid for ONE YEAR from the date of purchase. Members are allowed unlimited purchases with VIP pricing, however purchases are not for resale. Madison Island may, in its sole discretion, choose not to process or to cancel your order in certain circumstances. This may occur, for example, when the product you wish to purchase is out of stock, mispriced, or if we suspect the request is fraudulent.	http://magento192.tv.net/madison-island-vip-membership-1-year.html?___store=default	http://magento192.tv.net/media/catalog/product/v/i/vip_membership.jpg	Madison Island	new	in stock	350.00 USD	Gain insider access to the best styles for fashion and home at up to 40% off. Join and discover some fabulous finds.     Membership will be reviewed and approved by a Sales Associate.	Default Category	
874	Broadway Pump	Dyed mohair upper. 3.5" heel. Leather insole and lining. Imported.	http://magento192.tv.net/broadway-pump.html?___store=default	http://magento192.tv.net/media/catalog/product/s/h/shw004a_5.jpg	Madison Island	new	in stock	410.00 USD	Be after-dark chic with our contemporary mohair creation. The attention grabbing pair fits well with the season's trend of neutral hues.	Default Category > Accessories > Shoes | Default Category > Sale > Women	
875	Ellis Flat	Suede upper. Rubber 0.5" heel. Domestic.	http://magento192.tv.net/ellis-flat.html?___store=default	http://magento192.tv.net/media/catalog/product/s/h/shw005a_5.jpg	Madison Island	new	in stock	250.00 USD	A pop of green is a fantastic to lift your favorite outfit. Wear with everything from skinny jeans to day dresses.	Default Category > Accessories > Shoes	
