SKU,URL
RNG 4041,/12901-Promotional-Cascade_BPA_Free_Sports_Bottle.aspx
RNG 4042,/12762-Promotional-Terrano_Travel_Mug.aspx
RNG 4046,/12902-Promotional-Sports_Bottle_BPA_free.aspx
RNG 4046CL,/9638-Promotional-Sports_Bottle_-_Clear.aspx
RNG 4046RD,/9639-Promotional-Sports_Bottle_-_Red.aspx
RNG 4047,/9219-Promotional-600ml_Stainless_Steel_Drink_Bottle.aspx
RNG 4049,/12903-Promotional-Bounty_Ceramic_Mug.aspx
RNG 4049BL,/9292-Promotional-Bounty_Ceramic_Mug_-_Navy_Blue.aspx
RNG 4049RD,/9293-Promotional-Bounty_Ceramic_Mug_-_Red.aspx
RNG 4049WH,/9294-Promotional-Bounty_Ceramic_Mug_-_White.aspx
RNG 4051,/9640-Promotional-Mug_with_Handle_and_Push_Button.aspx
RNG 4052BK,/9295-Promotional-Nomad_Thermal_Mug_-_Black.aspx
RNG 4052WH,/9684-Promotional-Nomad_Thermal_Mug_-_White.aspx
RNG 4053BK,/9685-Promotional-Thermal_Mug_-_Black.aspx
RNG 4053RD,/9686-Promotional-Thermal_Mug_-_Red.aspx
RNG 4054BL,/9301-Promotional-Constellation_Ceramic_Mug_-_Blue.aspx
RNG 4054RD,/9296-Promotional-Constellation_Ceramic_Mug_-_Red.aspx
RNG 4055BK,/9297-Promotional-Aura_Ceramic_Mug_-_Black.aspx
RNG 4055BL,/9298-Promotional-Aura_Ceramic_Mug_-_Blue.aspx
RNG 4055RD,/9299-Promotional-Aura_Ceramic_Mug_-_Red.aspx
RNG 4056S,/9300-Promotional-Thumb_Press_Tumbler.aspx
RNG 4190BK,/9222-Promotional-Mirage_Tumbler_-_Black.aspx
RNG 4190BL,/9680-Promotional-Mirage_Tumbler_-_Blue.aspx
RNG 4190RD,/9681-Promotional-Mirage_Tumbler_-_Red.aspx
RNG 4191BL,/9220-Promotional-Laguna_Aluminium_Bottle-Blue.aspx
RNG 4191S,/9214-Promotional-Laguna_Aluminium_Bottle-Silver.aspx
RNG 4192RD,/9215-Promotional-Red_Flip-Top_Sports_Bottle.aspx
RNG 4192SM,/9641-Promotional-Flip-Top_Clear_Plastic_Sports_Bottle.aspx
RNG 4193BK,/9221-Promotional-Aluminium_Water_Bottle.aspx
RNG 4193RD,/9216-Promotional-600ml_Aluminium_Drink_Bottle.aspx
RNG 4193WH,/9217-Promotional-Drink_Bottle_with_PP_Screw_Top.aspx
RNG 4194,/9223-Promotional-750ml_Stainless_Steel_Drink_Bottle.aspx
RNG 4195,/9750-Promotional-EVA_Glass_Holder.aspx
RNG 4196BL,/9218-Promotional-Drink_Bottle_Blue.aspx
RNG 4196CL,/9642-Promotional-Drink_Bottle_Transparent.aspx
RNG 4196RD,/9643-Promotional-Drink_Bottle_Red.aspx
RNG 4199,/12763-Promotional-Thermal_Travel_Mug.aspx
RNG 4200,/9405-Promotional-Top_Opening_Cooler_Bag.aspx
RNG 4226,/12904-Promotional-Two_Bottle_Wine_Cooler.aspx
RNG 4226BG,/9745-Promotional-Two_Bottle_Cooler_-_Beige/Black.aspx
RNG 4229,/9406-Promotional-Plastic__Stainless_Steel_Hip_Flask.aspx
RNG 4232,/9445-Promotional-Tee_Box.aspx
RNG 4236,/9442-Promotional-Neoprene_Golf_Ball_Holder.aspx
RNG 4239,/9443-Promotional-Golf_Multi_-_Tool.aspx
RNG 4241,/9444-Promotional-Bottle_Opener_Keychain.aspx
RNG 4244BL,/9672-Promotional-White_Gym_Towel.aspx
RNG 4244WH,/9670-Promotional-Blue_Gym_Towel.aspx
RNG 4245BL,/9671-Promotional-Big_Beach_Towel_-_Blue.aspx
RNG 4245OR,/9673-Promotional-Deluxe_Beach_Towel_-_Orange.aspx
RNG 4245RD,/9674-Promotional-Deluxe_Beach_Towel_-_Red.aspx
RNG 4246,/9253-Promotional-Beach_Bag_-_Nylon.aspx
RNG 4247,/9580-Promotional-Picnic_Carry_Bag.aspx
RNG 425,/9349-Promotional-A4_Pad_Cover_with_Internal_Gusset.aspx
RNG 4256,/9584-Promotional-Picnic_Carry_Basket.aspx
RNG 4257,/9585-Promotional-Grill_Mate_BBQ_Apron.aspx
RNG 4258,/9404-Promotional-Fresco_Sport_Cooler.aspx
RNG 4259,/9581-Promotional-Four_Person_Picnic_Utility_Set.aspx
RNG 426,/9350-Promotional-A4_Folder_with_Pad_-_Soft_Leather.aspx
RNG 4260,/9583-Promotional-Two_Person_Picnic_Bag.aspx
RNG 4261,/9669-Promotional-Beach_Towel.aspx
RNG 4262BL,/9391-Promotional-Insulated_Cooler_Bag_-_Blue_and_White.aspx
RNG 4262RD,/9392-Promotional-Insulated_Cooler_Bag_-_Red_and_White.aspx
RNG 4263,/9582-Promotional-4_Person_Picnic_Bag.aspx
RNG 4264,/9505-Promotional-StayFit_Soup_Express.aspx
RNG 4265,/9458-Promotional-Two_Bottle_Wine_Set.aspx
RNG 4266,/9506-Promotional-StayFit_Lunch_Chiller.aspx
RNG 4268,/9675-Promotional-Beach_Towel_-_Multi.aspx
RNG 4269,/12905-Promotional-Microfibre_Towel_quick_dry.aspx
RNG 427,/9327-Promotional-A4_Compendium_with_Zipper_-_3_Binders.aspx
RNG 429,/9328-Promotional-A4_Full_Grain_Leather_Pad_Cover.aspx
RNG 500,/9693-Promotional-Nappa_Leather_Travel_Wallet.aspx
RNG 502,/9329-Promotional-A4_Leather_Pad_Cover_with_Gusseted_Pockets.aspx
RNG 503,/9330-Promotional-A4_Polished_Leather_Compendium.aspx
RNG 504,/9266-Promotional-Nappa_Leather_Card_Holder_with_Metal_Badge.aspx
RNG 505,/9331-Promotional-A4_Full_Grain_Leather_Compendium.aspx
RNG 5054,/12906-Promotional-Lunar_Convention_Tote.aspx
RNG 5054BK,/9660-Promotional-Lunar_Convention_Tote_-_Black.aspx
RNG 5055,/12907-Promotional-Jute_Non-Woven_Evolution_Messenger_Bag.aspx
RNG 5055BG,/9661-Promotional-Recycled_Non-Woven_Jute_Bag.aspx
RNG 5056RD,/9383-Promotional-Boomerang_Messenger_Bag.aspx
RNG 5057BL,/9384-Promotional-Black_Non-Woven_Document_Bag.aspx
RNG 5057RD,/9385-Promotional-Red_Non-Woven_Document_Bag.aspx
RNG 5058,/12908-Promotional-PolyPro_Insulated_Tote.aspx
RNG 5058BK,/9662-Promotional-Non-Woven_insulated_Tote_Bag.aspx
RNG 5059,/12909-Promotional-100%_Recycled_PET_Laguna_Zippered_Tote.aspx
RNG 5059BK,/9663-Promotional-Fully_Recycled_PET_Bag.aspx
RNG 506,/9351-Promotional-Non-Leather_A4_Binder.aspx
RNG 5061,/12910-Promotional-Poly-Pro_Non-Woven_Eclipse_Backpack_Tote.aspx
RNG 5061BK,/9664-Promotional-Non-Woven_Backpack_Tote.aspx
RNG 5062,/12764-Promotional-Disrupt_15_inch_Compu_Messenger.aspx
RNG 5063,/12765-Promotional-Disrupt_17_inch_Compu_Backpack.aspx
RNG 5069,/9613-Promotional-Jute_Urban_Satchel_with_Laptop_Compartment.aspx
RNG 5070,/9665-Promotional-Jute_Tote_Bag_with_ID_tag.aspx
RNG 5071,/9602-Promotional-Jute_Shoulder_Bag.aspx
RNG 5072,/9603-Promotional-Printed_Jute_Conference_Satchel.aspx
RNG 5073,/12911-Promotional-Conference_Tote_Bag_non_woven.aspx
RNG 5073BL,/9666-Promotional-Conference_Tote_Bag_-_Blue_and_Black.aspx
RNG 5074,/12912-Promotional-Conference_Satchel_non_woven.aspx
RNG 5074RD,/9386-Promotional-Printed_Conference_Satchel.aspx
RNG 5079,/9373-Promotional-Premium_Computer_Bag.aspx
RNG 5085BK,/9228-Promotional-Metro_Lightweight_Sports_Backpack_-_Black.aspx
RNG 5085BL,/9229-Promotional-Metro_Lightweight_Sports_Backpack_-_Blue.aspx
RNG 5085RD,/9230-Promotional-Metro_Lightweight_Sports_Backpack_-_Red.aspx
RNG 5088BK,/9393-Promotional-Insulated_Cooler_Carry_Bag_-_Black.aspx
RNG 5088BL,/9394-Promotional-Insulated_Cooler_Carry_Bag_-_Blue.aspx
RNG 5088GR,/9395-Promotional-Insulated_Cooler_Carry_Bag_-_Grey.aspx
RNG 5088RD,/9396-Promotional-Insulated_Cooler_Carry_Bag_-_Red.aspx
RNG 5092,/12766-Promotional-Computer_Backpack.aspx
RNG 5095,/12767-Promotional-Sling_Conference_Satchel.aspx
RNG 5121G,/9397-Promotional-Cooler_Bag_-_Grey.aspx
RNG 5130,/12913-Promotional-Double_Bottle_Carrier_Neoprene.aspx
RNG 5136,/9374-Promotional-Personalised_Computer_Bag.aspx
RNG 5137,/9631-Promotional-Large_Black_Polyester_Sports_Bag.aspx
RNG 5138,/12914-Promotional-Rubble_Brief_Bag.aspx
RNG 5138BL,/9256-Promotional-Black_Rubble_Brief.aspx
RNG 5138GN,/9257-Promotional-Blue_Grey_Red_Rubble_Brief.aspx
RNG 5139,/12915-Promotional-Two_Bottle_Wine_Carrier_PVA.aspx
RNG 5141,/12916-Promotional-Coil_Sports_Duffel.aspx
RNG 5141G,/9632-Promotional-Coil_Duffel.aspx
RNG 5142BL,/9633-Promotional-Coil_Sports_Backpack.aspx
RNG 5142G,/9231-Promotional-Coil_Backpack.aspx
RNG 5143,/9381-Promotional-Printed_Computer_Bag.aspx
RNG 5144,/9387-Promotional-Conference_Bag_in_Black.aspx
RNG 5145,/9667-Promotional-Wine_Carrier.aspx
RNG 5146BK,/9232-Promotional-Boomerang_Backpack.aspx
RNG 5146BL,/9233-Promotional-Polycanvas_Boomerang_Backpack.aspx
RNG 5146RD,/9234-Promotional-Boomerang_Adventure_Backpack.aspx
RNG 5147BK,/9634-Promotional-Boomerang_Duffel_Sports_Bag.aspx
RNG 5147BL,/9635-Promotional-Boomerang_Duffel_Active_Bag.aspx
RNG 5147RD,/9636-Promotional-Boomerang_Duffel_Adventure_Bag.aspx
RNG 5148BK,/9637-Promotional-Racer_Messenger_Bag.aspx
RNG 5149RD,/9388-Promotional-Boomerang_Business_Brief.aspx
RNG 5150,/9375-Promotional-Summit_Compu_Messenger.aspx
RNG 5151BK,/9389-Promotional-Explorer_Backpack_-_Black.aspx
RNG 5151BL,/9235-Promotional-Explorer_Backpack_-_Blue.aspx
RNG 5152,/9390-Promotional-Slider_Business_Tote.aspx
RNG 5153,/12917-Promotional-Crayon_Business_Brief.aspx
RNG 5153BL,/9236-Promotional-Crayon_Business_Brief_-_Blue.aspx
RNG 5153G,/9258-Promotional-Crayon_Business_Brief_-_Grey.aspx
RNG 5153RD,/9259-Promotional-Crayon_Business_Brief_-_Red.aspx
RNG 5154BK,/9260-Promotional-Double_Curve_Brief_-_Black.aspx
RNG 5154BL,/9261-Promotional-Double_Curve_Brief_-_Blue.aspx
RNG 5156,/12918-Promotional-Storm_Messenger_Bag.aspx
RNG 5157,/12919-Promotional-Barracuda_Business_Briefcase.aspx
RNG 520,/9332-Promotional-A5_Compendium.aspx
RNG 525,/9333-Promotional-Black_Leather_A4_Pad_Cover.aspx
RNG 530,/9352-Promotional-A4_Compendium_with_iPad_Pocket.aspx
RNG 540,/9353-Promotional-A4_Compendium_with_Handle.aspx
RNG 572,/9334-Promotional-Black_Portfolio_with_Solar_Calculator.aspx
RNG 574,/9354-Promotional-A4_Portfolio_with_Metal_Badge.aspx
RNG 5810BK,/9398-Promotional-Black_Lunch_Cooler_Bag.aspx
RNG 5810BL,/9504-Promotional-Lunch_Cooler_Bag.aspx
RNG 6002BK,/9596-Promotional-Bristol_Twist_-_Black.aspx
RNG 6002S,/9537-Promotional-Bristol_Twist_-_Silver.aspx
RNG 6003,/12920-Promotional-Hemingway_Click_Ballpoint_Pen.aspx
RNG 6003BK,/9538-Promotional-Hemingway_Click_-_Black.aspx
RNG 6004,/12921-Promotional-Chicago_Series_Twist_Action_Pen.aspx
RNG 6005,/12922-Promotional-Lid_Top_Ballpoint_Pen.aspx
RNG 6006,/12923-Promotional-Metal_Stylus_Ballpoint_Pen.aspx
RNG 601,/9676-Promotional-Thirsty_PVA_Sports_Towel_with_Case.aspx
RNG 606,/12714-Promotional-Multi-Function_Pedometer.aspx
RNG 611,/9668-Promotional-Folding_Towel.aspx
RNG 614,/12715-Promotional-Carbon_Fibre_Ballpoint_Pen.aspx
RNG 615,/9577-Promotional-Black_Carbon_Fibre_Pencil.aspx
RNG 616,/12716-Promotional-Carbon_Fibre_Silver_Rollerball_Pen.aspx
RNG 617,/12717-Promotional-Carbon_Fibre_Silver_Ballpoint_Pen.aspx
RNG 618,/12718-Promotional-Caviar_Metal_Rollerball_Pen.aspx
RNG 619,/12719-Promotional-Caviar_Metal_Ballpoint_Pen.aspx
RNG 622BK,/9539-Promotional-Bolt_Series_Metal_Action_Pen.aspx
RNG 622S,/9540-Promotional-Bolt_Series_Twist_Action_Ball_Pen.aspx
RNG 622WH,/9541-Promotional-Bolt_Series_Action_Pen.aspx
RNG 624,/12888-Promotional-Colonnade_Twist_Action_Ballpoint_Pen.aspx
RNG 624BK,/9542-Promotional-Albina_Series.aspx
RNG 627,/12889-Promotional-Grobisen_Twist_Action_Ballpoint_Pen.aspx
RNG 628,/12890-Promotional-Kingston_Click_Ballpoint_Pen.aspx
RNG 629,/12891-Promotional-Metal_Twist_Ball_Pen.aspx
RNG 630,/12720-Promotional-Metal_Ball_Pen.aspx
RNG 631,/9578-Promotional-Mechanical_Pencil.aspx
RNG 632,/12721-Promotional-Gosfield_Pencil.aspx
RNG 633,/9516-Promotional-Gosfield_Roller_Ball_Pen.aspx
RNG 634,/9517-Promotional-Gosfield_Ball_Pen.aspx
RNG 636,/9518-Promotional-Metal_Ball_Point_Pen.aspx
RNG 637,/12722-Promotional-Metal_Rollerball_Pen.aspx
RNG 638,/12723-Promotional-Carbon_Fibre_Silver_Pencil.aspx
RNG 640,/12724-Promotional-Checkered_Laser_Ball_Pen.aspx
RNG 641,/12725-Promotional-Checkered_Laser_Rollerball_Pen.aspx
RNG 647,/12726-Promotional-Carbon_Fibre_Metal_Twist_Action_Ball_Pen.aspx
RNG 650,/12727-Promotional-Argento_Metal_Mechanical_Pencil.aspx
RNG 652,/12728-Promotional-Pescara_Ballpoint_Pen.aspx
RNG 653,/12729-Promotional-Pescara_Rollerball_Pen.aspx
RNG 662,/12730-Promotional-Twist_Action_Pen_with_World_Map.aspx
RNG 667,/12731-Promotional-Grip_Lid_Top_Rollerball_Pen.aspx
RNG 669,/12732-Promotional-Berlin_Smooth_Twist_Action_Mechanical_Pencil.aspx
RNG 670,/12733-Promotional-Berlin_Twist_Action_Metal_Ball_Pen.aspx
RNG 671,/12734-Promotional-Berlin_Lid_Top_Rollerball_Pen.aspx
RNG 677,/12735-Promotional-Double_Pen_Leather_Pouch.aspx
RNG 687,/12736-Promotional-Grace_Twist_Action_Ball_Pen.aspx
RNG 689,/12737-Promotional-Concord_Twist_Action_Metal_Pencil.aspx
RNG 691,/12738-Promotional-Concord_Rollerball_Pen.aspx
RNG 695,/12739-Promotional-Carbon_Fibre_Pencil.aspx
RNG 697,/12740-Promotional-Carbon_Fibre_Rollerball_Pen.aspx
RNG 701,/12892-Promotional-Le_Mans_Ballpoint_Pen.aspx
RNG 713,/12741-Promotional-Pen_Box.aspx
RNG 720RD,/9688-Promotional-Red_Polar_Fleece_Rug_with_Bag.aspx
RNG 721,/12742-Promotional-Slim_Velvet_Pouch.aspx
RNG 726,/9407-Promotional-Velvet_Pouch_with_Drawstring.aspx
RNG 728,/12893-Promotional-Tuncurry_Twist_Action_Ballpoint_Pen.aspx
RNG 750,/12894-Promotional-Picnic_Acrylic__Rug.aspx
RNG 7700,/9586-Promotional-Chillball_Six_Pack.aspx
RNG 7707,/12924-Promotional-Atlas_Headphones.aspx
RNG 7710,/9544-Promotional-Portable_Speaker_and_Dock.aspx
RNG 7712,/12768-Promotional-Bluetooth_Folding_Keyboard.aspx
RNG 7714,/9553-Promotional-Tenor_Speaker_with_Bluetooth.aspx
RNG 7715,/9554-Promotional-Bat_Emergency_Battery.aspx
RNG 7716,/9545-Promotional-IDAPT_i1Eco_Charger.aspx
RNG 7716+L,/12795-Promotional-iDapt_I1ECO_-_with_Lightning.aspx
RNG 7717,/9546-Promotional-IDAPT_i2+_Charger.aspx
RNG 7717+L,/12796-Promotional-iDapt_I2P_with_Lightning.aspx
RNG 7718,/9547-Promotional-Solar_Flower.aspx
RNG 7720,/9548-Promotional-Portable_Charger.aspx
RNG 7722,/9549-Promotional-Mini_Desktop_Charging_Dock.aspx
RNG 7724,/9372-Promotional-USB_Desk_Light.aspx
RNG 7725,/9409-Promotional-Magnifier_with_Light.aspx
RNG 7726,/9550-Promotional-ipod_Speaker_dock.aspx
RNG 7727BK,/9450-Promotional-Magnetic_Headset_in_Black.aspx
RNG 7727WH,/9446-Promotional-Magnetic_Headset_in_White.aspx
RNG 774,/12743-Promotional-Nido_Barbecue.aspx
RNG 7740,/9241-Promotional-10_x_25_Binoculars.aspx
RNG 7742,/9679-Promotional-Travel_Kit.aspx
RNG 7744,/12925-Promotional-Headphones_Ear_Buds.aspx
RNG 7744BL,/9447-Promotional-Earphone_in_Clear_Case_-_Blue.aspx
RNG 7744RD,/9448-Promotional-Earphone_in_Clear_Case_-_Red.aspx
RNG 7745,/12769-Promotional-Alpine_Binoculars.aspx
RNG 7746,/9587-Promotional-3pcs_BBQ_Set_with_Pouch.aspx
RNG 7748BK,/9690-Promotional-Umbrella_in_Cylinder.aspx
RNG 7749,/9240-Promotional-Binoculars_7_x_18.aspx
RNG 7750,/9273-Promotional-Desktop_Football_Game.aspx
RNG 7751,/12770-Promotional-6_in_1_Game_Set.aspx
RNG 7752,/9425-Promotional-Dice_Set_in_Leather_Pouch.aspx
RNG 7753,/12771-Promotional-Heavy_Duty_Speaker_Radio.aspx
RNG 7754,/12772-Promotional-IDAPT_I3p_without_lightening_adapter.aspx
RNG 7754+L,/12797-Promotional-iDapt_IP3_with_Lightning_Tip.aspx
RNG 7755,/12773-Promotional-Sol_Travel_Charger.aspx
RNG 7756,/12774-Promotional-Port_Solar_Charger.aspx
RNG 7757,/12775-Promotional-Bluetooth_Solo_Speaker.aspx
RNG 7815,/9399-Promotional-Game_Day_Cooler_Seat.aspx
RNG 7816,/9302-Promotional-Padded_Arm_Chair.aspx
RNG 7818,/9421-Promotional-Outdoor_Game_Set.aspx
RNG 7819,/9303-Promotional-Foldable_Picnic_Chair.aspx
RNG 7822,/9304-Promotional-Mini_Camping_Chair.aspx
RNG 7834,/9614-Promotional-IPOD_Portable_Speakers.aspx
RNG 7841,/9426-Promotional-Tic_Tac_Toe.aspx
RNG 7854,/9689-Promotional-Picnic_Rug_in_Carry_Bag.aspx
RNG 7860,/12776-Promotional-Rotate_USB_Flash_Drive.aspx
RNG 7860_Clip,/12798-Promotional-Rotate_USB_with_Coloured_Clips_(INDENT_ONLY).aspx
RNG 7860_Dome,/9507-Promotional-Dome_Rotate_USB_Flash_Drive_(INDENT_ONLY).aspx
RNG 7860_Dome_Clip,/12799-Promotional-Dome_Rotate_USB_with_Coloured_Clips_(INDENT_ONLY).aspx
RNG 7862,/9508-Promotional-Classic_USB_Flash_Drive_(INDENT_ONLY).aspx
RNG 7867,/9509-Promotional-Executive_-_USB_Flash_Drive_(INDENT_ONLY).aspx
RNG 7869,/12777-Promotional-Velocity_-_USB_Drive.aspx
RNG 7871,/12778-Promotional-Venus_-_USB_Flash_Drive.aspx
RNG 7874,/9510-Promotional-Oval_-_USB_Flash_Drive_(INDENT_ONLY).aspx
RNG 788,/12744-Promotional-Pocket_Business_Card_Holder.aspx
RNG 7883,/9511-Promotional-Lanyard_-_USB_Flash_Drive_-_INDENT_ONLY.aspx
RNG 7890,/12779-Promotional-Swing_-_USB_Flash_Drive.aspx
RNG 7891,/12780-Promotional-Jetson_-_USB_Flash_Drive.aspx
RNG 7899,/9615-Promotional-Round_Portable_Speakers.aspx
RNG 7922,/9555-Promotional-USB_Car_Charger.aspx
RNG 7925,/9449-Promotional-Retractable_Earphones_with_Clip.aspx
RNG 7928,/9457-Promotional-Shower_Timer.aspx
RNG 7955,/12781-Promotional-Bracelet_-_USB_Flash_Drive.aspx
RNG 8005,/12782-Promotional-Tag_USB_Flash_Drive.aspx
RNG 8006,/9512-Promotional-Dome_Grip_USB_Flash_Drive_(INDENT_ONLY).aspx
RNG 8007,/12783-Promotional-Axis_USB_Flash_Drive.aspx
RNG 8008,/9513-Promotional-Dome_Lumi_USB_Flash_Drive_(INDENT_ONLY).aspx
RNG 8010,/12784-Promotional-Dome_Link_USB_Flash_Drive.aspx
RNG 8011,/12785-Promotional-Key_Flash_USB.aspx
RNG 8012,/9514-Promotional-Credit_Card_USB_(INDENT_ONLY).aspx
RNG 8013,/12786-Promotional-USB_Bottle_Opener.aspx
RNG 8014,/9515-Promotional-Super_Slim_Credit_Card_USB.aspx
RNG 8015,/12787-Promotional-USB_Flashdrive_Pen_with_Stylus.aspx
RNG 817,/9335-Promotional-A4_Napoli_Leather_Compendium.aspx
RNG 826,/12745-Promotional-San_Babila_Leather_Satchel.aspx
RNG 8753,/9611-Promotional-Bar_Set.aspx
RNG 8794,/9315-Promotional-Table_Clock.aspx
RNG 8797,/9503-Promotional-Security_Luggage_Tag.aspx
RNG 8809,/9488-Promotional-Nickel_Plated_Double_Photo_Frame_with_Alarm_Clock.aspx
RNG 8811,/9589-Promotional-Nickel_Plated_Photo_Frame.aspx
RNG 8813,/12788-Promotional-Nickel_Plated_Bookmark_/_Money_clip.aspx
RNG 8815,/9489-Promotional-Covered_Luggage_Tag_-_Metal.aspx
RNG 8816,/9490-Promotional-Tea_Light_Candle_Holder.aspx
RNG 8829CHS,/9597-Promotional-Bellisimo_Sculptura_Pens.aspx
RNG 8832,/9610-Promotional-Silver_Salt_And_Pepper_Shakers.aspx
RNG 8833,/9284-Promotional-Metal_Candle_Holders.aspx
RNG 8834,/9593-Promotional-Money_Box_Photoframe.aspx
RNG 8836,/9267-Promotional-Customised_Card_Holder.aspx
RNG 8838,/9410-Promotional-Silver_and_Black_Cufflinks.aspx
RNG 8839,/9268-Promotional-Metal_Nickel_Pocket__Card_Holder.aspx
RNG 8840,/9312-Promotional-Handy_Travel_Clock.aspx
RNG 884C,/9355-Promotional-A4_Leather_Zippered_Compendium_-_Black.aspx
RNG 885BK,/9356-Promotional-A5_Leather_Compendium.aspx
RNG 886BK,/9336-Promotional-A4_Top_Grade_Cowhide_Leather_Portfolio.aspx
RNG 8884,/9491-Promotional-Luggage_Tag.aspx
RNG 8885,/9492-Promotional-Luggage_Tag_-_Round.aspx
RNG 888C,/9337-Promotional-A4_Soft_Nappa_Leather_Compendium.aspx
RNG 8904,/9493-Promotional-Silver_Compact_Mirror.aspx
RNG 8924,/9411-Promotional-Square_Plain_Cufflinks.aspx
RNG 8938,/9592-Promotional-Metal_Finish_Photo_Frame.aspx
RNG 8959,/9533-Promotional-Twist_Action_Ballpoint_Pen.aspx
RNG 8968,/9313-Promotional-Star_Style_Desk_Clock.aspx
RNG 8972,/9314-Promotional-Tilting_Desk_Clock_-_Silver.aspx
RNG 8988,/9412-Promotional-Nikel_Plated_Plain_Cufflinks.aspx
RNG 8998,/9534-Promotional-Stylish_Square_Shaped_Keyring.aspx
RNG 8999,/9535-Promotional-Fortune_Cookie_Keyring.aspx
RNG 9005,/9536-Promotional-Compact_Umbrella_with_Leather_Case.aspx
RNG 9009,/9469-Promotional-Pedova_iPad_Stand_Compendium.aspx
RNG 9012,/9357-Promotional-Leather_Compendium_with_Calculator.aspx
RNG 9013,/9358-Promotional-Pad_Cover_-_Koskin_Leather.aspx
RNG 9018,/9694-Promotional-Leather_Travel_Wallet.aspx
RNG 9019,/9751-Promotional-Insulated_Two_Bottle_Leather_Wine_Carrier.aspx
RNG 9023,/9338-Promotional-A4_Genuine_Leather_Compendium.aspx
RNG 9024,/9339-Promotional-A4_Non_Leather_Compendium.aspx
RNG 9027,/12789-Promotional-A4_Leather_Zippered_Compendium_with_Removable_iPad.aspx
RNG 9028,/9470-Promotional-Faux_Leather_iPad_Cover.aspx
RNG 9034,/9588-Promotional-1.8_Inch_Digital_Photo_Frame_with_Alarm.aspx
RNG 9035,/9551-Promotional-Stylus_Pen.aspx
RNG 9036BL,/9552-Promotional-Stylus_Pen_Blue.aspx
RNG 9036S,/9556-Promotional-Stylus_Pen_Silver.aspx
RNG 9037,/12790-Promotional-Flip_Portfolio_For_iPad.aspx
RNG 9038,/12926-Promotional-A4_Zippered_Compendium_with_Calculator.aspx
RNG 9040,/9485-Promotional-Milano_Over_Nighter.aspx
RNG 9041,/9376-Promotional-Milano_Executive_Computer_Bag.aspx
RNG 9042,/9340-Promotional-Milano_Compendium.aspx
RNG 9043,/9695-Promotional-Milano_Travel_Wallet.aspx
RNG 9057,/12791-Promotional-Single_Bottle_Wine_Carrier.aspx
RNG 9068,/12792-Promotional-Double_Bottle_Wine_Carrier.aspx
RNG 9074,/12793-Promotional-Two_Bottle_Wine_Carrier.aspx
RNG 9078,/9341-Promotional-A4_Leather_Compendium.aspx
RNG 9082,/9494-Promotional-Covered_Luggage_Tag_-_Black.aspx
RNG 9083,/9495-Promotional-Leather_Wine_Carrier.aspx
RNG 9088,/9471-Promotional-White_iPad_Cover.aspx
RNG 9089,/9473-Promotional-iPad_Zippered_Case.aspx
RNG 9090,/9474-Promotional-Black_iPad_Cover.aspx
RNG 9091,/9677-Promotional-Travel_Wallet/Jotter.aspx
RNG 9095BK,/9475-Promotional-Padded_iPad_Case.aspx
RNG 9102,/9696-Promotional-Leather_Credit_Card_Holder.aspx
RNG 9104,/9269-Promotional-Black_Leather_Card_Holder_with_White_Stitch.aspx
RNG 9105,/9342-Promotional-A4_Zippered_Compendium_-_Grain_Surface.aspx
RNG 9106,/9359-Promotional-A4_Zippered_Compendium.aspx
RNG 9111,/9255-Promotional-Customized_Split_Leather_Jotter.aspx
RNG 9116G,/9678-Promotional-Personalized_Passport_PVC_Wallet.aspx
RNG 9117,/9752-Promotional-Bottle_Wine_Holder.aspx
RNG 9118,/9472-Promotional-iPad_Holder.aspx
RNG 9134,/12927-Promotional-Evolution_Recycled_JournalBook.aspx
RNG 9137,/12928-Promotional-Dovana_Large_JournalBook.aspx
RNG 9141,/9437-Promotional-A6_Jotter_-_Grey.aspx
RNG 9143,/9343-Promotional-A4_Pad_Cover_with_Elastic_Closure.aspx
RNG 9146,/9459-Promotional-Two_Bottle_Wine_Bag.aspx
RNG 9159,/9319-Promotional-Custom_Coaster_Set.aspx
RNG 9161B,/9502-Promotional-Coloured_Luggage_Tag_-_Blue.aspx
RNG 9161G,/9496-Promotional-Green_Covered_Luggage_Tag.aspx
RNG 9161P,/9497-Promotional-Covered_Luggage_Tag_-_Pink.aspx
RNG 9161R,/9498-Promotional-Covered_Luggage_Tag_-_Red.aspx
RNG 9161W,/9499-Promotional-Covered_Luggage_Tag_-_White.aspx
RNG 9161Y,/9500-Promotional-Yellow_Covered_Luggage_Tag.aspx
RNG 9162BL,/9501-Promotional-Two-Tone_Compendium_with_Multi-Pockets.aspx
RNG 9163,/9344-Promotional-A4_Zippered_Compendium_in_Imitation_Leather.aspx
RNG 9165,/9360-Promotional-Black_A5_Pad_Cover.aspx
RNG 9166,/9345-Promotional-A4_File_Portfolio_-_6_Compartments.aspx
RNG 9171,/9477-Promotional-Leather_and_Suede_Satchel.aspx
RNG 9172,/12929-Promotional-Coloured_Bonded_Leather_Keyring.aspx
RNG 9174,/9361-Promotional-A4_Pad_Cover_-_Grey_Interior.aspx
RNG 9175,/9362-Promotional-Zippered_A4_Portfolio.aspx
RNG 9177,/12930-Promotional-Colour_Leather_Bookmark.aspx
RNG 9177BK,/9478-Promotional-Printed_Leather_Bookmark.aspx
RNG 9178,/9697-Promotional-Koskin_Money_Clip.aspx
RNG 9180,/9460-Promotional-Six_Bottle_Wine_Bag.aspx
RNG 9181,/12931-Promotional-Microfiber_Pad_Cover.aspx
RNG 9181OR,/9363-Promotional-Orange_Note_Pad_Holder.aspx
RNG 9181RD,/9364-Promotional-Red_Note_Pad_Holder.aspx
RNG 9182GR,/9365-Promotional-A5_Pad_Cover_with_Elastic_Closure.aspx
RNG 9183,/9461-Promotional-Bill_Holder.aspx
RNG 9184BK,/9346-Promotional-A4_Non-Leather_Compendium_with_Mesh_Trim.aspx
RNG 9184RD,/9366-Promotional-A4_Non-Leather_Compendium_-_Red_and_Black.aspx
RNG 9185BK,/9367-Promotional-Black_Faux_Leather_Pad_Cover.aspx
RNG 9185RD,/9368-Promotional-Red_Faux_Leather_Pad_Cover.aspx
RNG 9186,/9746-Promotional-6_Bottle_Wine_Rack.aspx
RNG 9187,/9347-Promotional-Bonded_Leather_Compendium.aspx
RNG 9188GN,/9369-Promotional-Green_Microfiber_File_Folder.aspx
RNG 9188GR,/9370-Promotional-Grey_Microfiber_File_Portfolio.aspx
RNG 9188RD,/9371-Promotional-Red_Microfiber_Customized_Compendium.aspx
RNG 9189BK,/9238-Promotional-Hampton_Journal_Book.aspx
RNG 9189BL,/9427-Promotional-Hampton_JournalBook.aspx
RNG 9190BK,/9428-Promotional-Ambassador_Pocket_Bound_Book.aspx
RNG 9191BK,/9429-Promotional-Large_Essence_JournalBooks.aspx
RNG 9191BL,/9465-Promotional-Large_Essence_Journal_Book.aspx
RNG 9192,/9239-Promotional-Prism_Journal_Book.aspx
RNG 9193BK,/9466-Promotional-Essence_Journal_Book_-_Black.aspx
RNG 9193BL,/9467-Promotional-Essence_Journal_Book_-_Blue.aspx
RNG 9194BK,/9468-Promotional-Black_Pedova_Journal_Book.aspx
RNG 9194TC,/9430-Promotional-Terracotta_Pedova_Journal_Book.aspx
RNG 9195BK,/9431-Promotional-PU_Leather_Black_Pedova_Bound_Book.aspx
RNG 9195TC,/9432-Promotional-PU_Leather_Terracotta_Pedova_Bound_Book.aspx
RNG 9196BK,/9433-Promotional-Ambassador_Bound_Journal_Book.aspx
RNG 9197BK,/9434-Promotional-Ambassador_Large_Bound.aspx
RNG 9198BK,/9435-Promotional-Pedova_Pocket_Bound_Journal.aspx
RNG 9198BL,/9436-Promotional-Pedova_Pocket_Bound_Journal_Book.aspx
RNG 9505,/9749-Promotional-Personalized_Wine_Set.aspx
RNG 970,/9270-Promotional-Personalised_Card_Holder.aspx
RNG 972,/9271-Promotional-Quality_Business_Card_Holder.aspx
RNG 9922,/9417-Promotional-First_Aid_Kit_with_Nylon_Zipped_Bag.aspx
RNG 9934,/9324-Promotional-Ceramic_Espresso_Set.aspx
RNG 9935,/9325-Promotional-Glass_Coffee_And_Tea_Set.aspx
RNG 9940,/9326-Promotional-Magnetic_Folding_Wine_Box.aspx
RNG AZ1001,/9400-Promotional-ArcticZone_30_Can_Cooler.aspx
RNG AZ1002,/9401-Promotional-Arctic_Zone_18_Can_Cooler.aspx
RNG AZ1003,/9402-Promotional-Arctic_Zone_50_Can_Cooler_Trolley.aspx
RNG AZ1004,/9403-Promotional-Arctic_Zone_Dual_Lunch_Cooler.aspx
RNG AZ1005,/12932-Promotional-Arctic_Zone_30-Can_Cooler_Tote.aspx
RNG CB1001,/12800-Promotional-Cutter_And_Buck_Performance_Series_Twist_Action_Ball_Pen.aspx
RNG CB1002,/9598-Promotional-Cutter_And_Buck_Performance_Series_Twist_Action_Roller_Ball_Pen.aspx
RNG CB1003,/9599-Promotional-Cutter_And_Buck_Legacy_Series_Twist_Action_Ballpoint_Pen.aspx
RNG CB1004,/9600-Promotional-Legacy_Premium_Roller_Ball_Pen.aspx
RNG CB1005,/9274-Promotional-Cutter_And_Buck_Business_Card_Holder.aspx
RNG CB1006,/9275-Promotional-Cutter_And_Buck_Money_Clip_Card_Case.aspx
RNG CB1007,/9698-Promotional-Cutter_And_Buck_Traveller_Wallet.aspx
RNG CB1008,/9276-Promotional-Cutter_And_Buck_A4_Compendium.aspx
RNG CB1009,/9699-Promotional-CB_Passport_Wallet.aspx
RNG DT2,/9408-Promotional-Engraved_Stainless_Steel_Dog_Tag.aspx
RNG EL001,/9348-Promotional-Elleven_Zippered_Padfolio.aspx
RNG EL002,/9237-Promotional-Elleven_Wheeled_Compu-Backpack.aspx
RNG EL003,/9377-Promotional-Elleven_Compu-Backpack.aspx
RNG EL004,/9378-Promotional-Elleven_Compu-Messenger.aspx
RNG EL005,/9379-Promotional-Elleven_Small_Tech_Trap.aspx
RNG EL006,/9476-Promotional-Elleven_Jr_Zippered_Compendium.aspx
RNG EL007,/9601-Promotional-Elleven_Dual_Ballpoint_And_Stylus.aspx
RNG EL008,/9227-Promotional-Elleven_Car_Boot_Organiser.aspx
RNG EL009,/12801-Promotional-Elleven_Utility_Kit.aspx
RNG EL010,/12802-Promotional-Elleven_JetSetter_Travel_Wallet.aspx
RNG EL011,/12803-Promotional-Elleven_22_inch_Duffel.aspx
RNG EL012_2G,/12804-Promotional-Elleven_USB_Memory_Pen_-_2Gb.aspx
RNG EL012_4G,/12805-Promotional-Elleven_USB_Memory_Pen_-_4Gb.aspx
RNG EL013,/12806-Promotional-Elleven_Vapor_Backpack.aspx
RNG EU1069-XSR,/9708-Promotional-Luxus_Mens_Dress_Watch.aspx
RNG EU1171-SSR,/9709-Promotional-Amazon_Mens_Sports_Watch.aspx
RNG EU1227-SBK,/9622-Promotional-Aviator_Mens_Sports_Watch.aspx
RNG EU1267-SSR,/9623-Promotional-Eclipse_Mens_Sports_Watch.aspx
RNG EU1309-XSR,/9624-Promotional-Deluxe_Nurses_Watch.aspx
RNG EU1462-XSR,/9616-Promotional-Eldorado_Mens_Wrist_Watch.aspx
RNG EU1462-XSR-A,/9710-Promotional-Eldorado_Men_Watch.aspx
RNG EU1462-XSR-B,/9711-Promotional-Eldorado_Gentlemen_Watch.aspx
RNG EU1567-XSB,/9712-Promotional-Vintage_Mens_Dress_Watch.aspx
RNG EU1597-XSR,/9713-Promotional-Galileo_Men_Watch.aspx
RNG EU1597-XSR-A,/9714-Promotional-Galileo_Mwns_Dress_Watch.aspx
RNG EU1597-XSR-B,/9715-Promotional-Galileo_Gentlemen_Dress_Watch.aspx
RNG EU1665-XSR,/9716-Promotional-Paris_Mens_Dress_Watch.aspx
RNG EU1667-XSR,/9717-Promotional-Acropolis_Unisex_Elegant_Watch.aspx
RNG EU1667-XSR-A,/9718-Promotional-Acropolis_Unisex_Dress_Watch.aspx
RNG EU1712-XSR,/9719-Promotional-Roma_Unisex_Watch.aspx
RNG EU1712-XSR-A,/9720-Promotional-Custom_Roma_Unisex_Watch.aspx
RNG EU1753-SBK,/9721-Promotional-Tomcat_Mens_Sports_Watch.aspx
RNG EU1808-SBK,/9625-Promotional-Brushed_Silver_Metal_Mens_Watch.aspx
RNG EU1868-CRD,/9626-Promotional-Chill_Promo_Sports_Watch.aspx
RNG EU1868-CSR,/9722-Promotional-Chill_Promo_Watch.aspx
RNG EU1929-XSR,/9723-Promotional-Silicon_Nurses_Watch.aspx
RNG EU1938-SSR,/9617-Promotional-Mens_Sports_Watch.aspx
RNG EU1938-SSR-AT,/9618-Promotional-Miners_Watch.aspx
RNG EU1938-SSR-C,/9700-Promotional-Men_Adventure_Watch.aspx
RNG EU1939-XSR,/9619-Promotional-Boss_Mens_Sports_Watch.aspx
RNG EU1967-BBK,/9627-Promotional-Zedi_Watch.aspx
RNG EU2051-SSR,/9724-Promotional-Regency_Ladies_Dress_Watch.aspx
RNG EU2069-XSR,/9725-Promotional-Luxus_Ladies_Dress_Watch.aspx
RNG EU2171-SSR,/9726-Promotional-Amazon_Ladies_Sports_Watch.aspx
RNG EU2227-SBK,/9628-Promotional-Aviator_Ladies_Sports_Watch.aspx
RNG EU2267-SSR,/9629-Promotional-Eclipse_Ladies_Sports_Watch.aspx
RNG EU2462-XSR,/9704-Promotional-Eldorado_Ladies_Dress_Watch.aspx
RNG EU2567-XSB,/9727-Promotional-Vintage_Ladies_Dress_Watch.aspx
RNG EU2665-XSR,/9728-Promotional-Paris_Ladies_Dress_Watch.aspx
RNG EU2753-SBK,/9729-Promotional-Tomcat_Ladies_Sports_Watch.aspx
RNG EU4000,/9705-Promotional-Columba_Model_Mens_Dress_Watch.aspx
RNG EU4001,/9730-Promotional-Dorado_Model_Watch.aspx
RNG EU4004,/9731-Promotional-Aquila_Unisex_Square_Dress_Watch.aspx
RNG EU4010,/9732-Promotional-Canis_Round_Classic_Watch.aspx
RNG EU4013,/9733-Promotional-Pegasus_Mens_Watch.aspx
RNG EU4014,/9701-Promotional-Phoenix_Mens_Watch.aspx
RNG EU4015,/9620-Promotional-Ursa_Classic_Watch_-_Silver/Black.aspx
RNG EU4017,/9734-Promotional-Pictor_Model_Watch.aspx
RNG EU4019,/9735-Promotional-Sagitta_Mens_Watch.aspx
RNG EU4020,/9702-Promotional-Lyra_Mens_Watch.aspx
RNG EU4021,/9703-Promotional-Musca_Model_Mens_Dress_Watch.aspx
RNG EU4022,/9736-Promotional-Carina_Mens_Round_Watch_with_Date.aspx
RNG EU4025,/9737-Promotional-Serpens_Mens_Chronograph_Watch_with_Date.aspx
RNG EU4028,/9738-Promotional-Vela_Mens_Chronograph_Watch_with_Date.aspx
RNG EU4029,/9739-Promotional-Volans_Mens_Chronograph_Watch_with_Date.aspx
RNG EU4037,/9740-Promotional-Chamaeleon_Mens_Watch.aspx
RNG EU4055,/9621-Promotional-Cygnus_Mens_Sports_Watch_with_Date.aspx
RNG EU4056,/9706-Promotional-Gemini_Mens_Dress_Chronograph_Watch.aspx
RNG EU4057,/9741-Promotional-Hercules_Mens_Chronograph_Watch.aspx
RNG EU4058,/9742-Promotional-Leo_Sports_Watch_with_Date.aspx
RNG EU4059,/9630-Promotional-Grus_Mens_Dress_Watch_with_Solar_Panel_Watch.aspx
RNG EU5010,/9707-Promotional-Canis_Major_and_Minor_Round_Classic_Watch.aspx
RNG EU5015,/9743-Promotional-Ursa_Major_and_Minor_Mens_Round_Classis_Watch.aspx
RNG EUPC01-BGY,/9744-Promotional-Velvet_Gift_Watch_Box.aspx
RNG FID1001,/12807-Promotional-iFidelity_Jazz_Earphones.aspx
RNG FID1002,/12808-Promotional-iFidelity_Bluetooth_Speaker.aspx
RNG GB001,/12933-Promotional-Stoppi.aspx
RNG GB002,/12934-Promotional-Spinni.aspx
RNG GB003,/12935-Promotional-Standi.aspx
RNG GB004,/12936-Promotional-Clippi.aspx
RNG GB005,/12937-Promotional-Snappi.aspx
RNG GB006,/12938-Promotional-Dolli.aspx
RNG GB007,/12939-Promotional-Pulli.aspx
RNG GB008BK,/12809-Promotional-Styli.aspx
RNG IND151,/12810-Promotional-Luggage_Strap_(INDENT_ONLY).aspx
RNG IND152,/12811-Promotional-Luggage_Strap_(INDENT_ONLY)_-_Combo_Clip.aspx
RNG LUX1001,/12940-Promotional-Luxe_Portsmouth_Ballpoint.aspx
RNG NT-001BK,/9415-Promotional-Black_Note_Tower_Organiser.aspx
RNG NT-001WH,/9568-Promotional-Note_Tower_Organiser.aspx
RNG NT-002WH,/9570-Promotional-White_Mini_Note_Tower.aspx
RNG PLAS-101,/12812-Promotional-Soft_Plastic_Keyring.aspx
RNG PLAS-102,/12813-Promotional-Soft_Plastic_Luggage_Tag.aspx
RNG PLAS-201,/12814-Promotional-Hard_Plastic_Double_LuggageTag.aspx
RNG PLAS-202,/12815-Promotional-Hard_Plastic_Luggage_Tag.aspx
RNG PVC-01,/12816-Promotional-Custom_PVC_Keyring_(INDENT_ONLY).aspx
RNG PVC-03-1,/12817-Promotional-Custom_PVC_Luggage_Tag_-_Original_Rectangle_Design.aspx
RNG PVC-03-2,/12818-Promotional-Custom-shape_PVC_Luggage_Tag_-_Soft_Frame.aspx
RNG PVC-03-3,/12819-Promotional-Custom-shape_PVC_Luggage_Tag_-_Basic_Design.aspx
RNG PVC-05,/12820-Promotional-PVC_Fridge_Magnet-INDENT_ONLY.aspx
RNG PVC-06,/12821-Promotional-PVC_Photo_Frame_(INDENT_ONLY).aspx
RNG PVC-08,/12822-Promotional-PVC_Phone_Stand_(INDENT_ONLY).aspx
RNG PVC-09,/12823-Promotional-PVC_(2-2.5MM)Keyring/label.aspx
RNG PVC-11,/12824-Promotional-PVC_Business_Card_Holder.aspx
RNG PVC-12,/12825-Promotional-PVC_Spinning_Keyring.aspx
RNG SIL-101,/12826-Promotional-Standard_12mm_Silicon_Wristbands_(Indent_Only).aspx
RNG SIL-102,/12827-Promotional-Custom_Silicon_Wristbands_(Indent_Only).aspx
RNG SIL-103,/12828-Promotional-Thin_6mm_Silicon_Wristbands_(Indent_Only).aspx
RNG SIL-104,/12829-Promotional-Thick_25mm_Wristband_(Indent_Only).aspx
RNG SIL-105,/12830-Promotional-Press_Stud_Silicon_Wristband_(Indent_Only).aspx
RNG SIL-106,/12831-Promotional-Adjustable_Silicon_Wristband_(Indent_Only).aspx
RNG SIL-107,/12832-Promotional-One-time_Use_Wristbands.aspx
RNG SP1001,/12941-Promotional-Swiss_Peak_Outdoor_Backpack.aspx
RNG SP1002,/12833-Promotional-Swiss_Peak_Zippered_Compendium.aspx
RNG SP1003,/12834-Promotional-Swiss_Peak_Aluminium_Torch.aspx
RNG SP1004,/12835-Promotional-Swiss_Peak_Zinc_Alloy_Compass.aspx
RNG SP1005,/12836-Promotional-Swiss_Peak_Knife.aspx
RNG SP1006,/12837-Promotional-Swiss_Peak_Multi_Tool.aspx
RNG SP1007,/12838-Promotional-Swiss_Peak_Picnic_Rug.aspx
RNG SP1008,/12839-Promotional-Swiss_Peak_Thermal_Set.aspx
RNG TP1001,/12840-Promotional-TravelPro_MaxLite_Expandable_Upright_Travel_Bag.aspx
RNG TP1002,/9484-Promotional-TravelPro_MaxLite_Club_Duffel.aspx
"RNG TP1003,""/9382-Promotional-TravelPro_15""""_MaxLite_Wheeled_Case.aspx""";
RNG TP1004,/9380-Promotional-Custom_TravelPro_Compu-Backpack.aspx
RNG USB Bubble Bag,/12841-Promotional-USB_Bubble_Bag_Strips.aspx
RNG USB POUCH,/12842-Promotional-USB_Clear_Pouch.aspx
RNG USB3001,/12843-Promotional-Wine_Bottle_(ABS)_Flash_Drive.aspx
RNG USB3002,/12844-Promotional-Envelope_(with_LED)_PVC_Flash_Drive.aspx
RNG USB3003,/12845-Promotional-Ice_Cream_Tub_PVC_Flash_Drive_with_Epoxy_Dome.aspx
RNG USB3004,/12846-Promotional-Truck_PVC_Flash_Drive.aspx
RNG USB3005,/12847-Promotional-Whistle_PVC_Flash_Drive.aspx
RNG USB3006,/12848-Promotional-Puzzle_PVC_Flash_Drive.aspx
RNG USB3007,/12849-Promotional-Cap_PVC_Flash_Drive.aspx
RNG USB3008,/12850-Promotional-Tetra_Pack_PVC_Flash_Drive.aspx
RNG USB3009,/12851-Promotional-Jerry_Can_PVC_Flash_Drive.aspx
RNG USB3010,/12852-Promotional-Hat_PVC_Flash_Drive.aspx
RNG USB3011,/12853-Promotional-Drink_Can_PVC_Flash_Drive.aspx
RNG USB3012,/12854-Promotional-Oil_Drum_Small_PVC_Flash_Drive.aspx
RNG USB3013,/12855-Promotional-Oil_Drum_Large_PVC_Flash_Drive.aspx
RNG USB3014,/12856-Promotional-Hard_Hat_#_1_PVC_Flash_Drive.aspx
RNG USB3015,/12857-Promotional-Hard_Hat_#_2_PVC_Flash_Drive.aspx
RNG USB3016,/12858-Promotional-Tumbler_PVC_Flash_Drive.aspx
RNG USB3017,/12859-Promotional-Coffe_Cup_PVC_Flash_Drive.aspx
RNG USB3018,/12860-Promotional-Drink_Bottle_PVC_Flash_Drive.aspx
RNG USB3019,/12861-Promotional-Container_PVC_Flash_Drive.aspx
RNG USB3020,/12862-Promotional-Tyre_PVC_Flash_Drive.aspx
RNG USB3021,/12863-Promotional-Tooth_PVC_Flash_Drive.aspx
RNG USB3022,/12864-Promotional-Car_PVC_Flash_Drive.aspx
RNG USB3023,/12865-Promotional-Coffin_PVC_Flash_Drive.aspx
RNG USB3024,/12866-Promotional-Plane_PVC_Flash_Drive.aspx
RNG USB3025,/12867-Promotional-Tooth_Implant_PVC_Flash_Drive.aspx
RNG USB3026,/12868-Promotional-Container_Truck_PVC_Flash_Drive.aspx
RNG USB3027,/12869-Promotional-Container_Ship_PVC_Flash_Drive.aspx
RNG USB3028,/12870-Promotional-Helicopter_PVC_Flash_Drive.aspx
RNG USB3029,/12871-Promotional-Camera_PVC_Flash_Drive.aspx
RNG USB3030,/12872-Promotional-LED_PVC_Flash_Drive.aspx
RNG USB7860_CLIP,/12873-Promotional-USB_Coloured_Clip_for_the_7860.aspx
RNG USB8016,/12874-Promotional-Calypso_Flash_Drive_Stylus_Combo.aspx
RNG USBBox1,/12875-Promotional-USB_Black_Gift_Box.aspx
RNG USBCLBOX2,/12876-Promotional-USB_Plastic_Gift_Box.aspx
RNG USBKeyc1,/12877-Promotional-USB_Keychain_-_Small.aspx
RNG USBKeyc2,/12878-Promotional-USB_Keychain_-_Large.aspx
RNG USBKeyc3,/12879-Promotional-Carabineer_Clip_for_Flash_Drive.aspx
RNG USBLAN1,/12880-Promotional-USB_Plain_Lanyard.aspx
RNG WPCT01,/9320-Promotional-Custom_PVC_Coaster_(INDENT_ONLY).aspx
RNG WS2DUSB,/12881-Promotional-Custom_Shape_USB_Flash_Drive_2D_3D.aspx
RNG WS3DUSB,/9420-Promotional-3D_Custom_Shape_USB_Flash_Drive.aspx
RNG WT383804,/9423-Promotional-38_x_38_Tattoos_(INDENT_ONLY).aspx
RNG WT385102,/9648-Promotional-38_x_51_Tattoos_(INDENT_ONLY).aspx
RNG WT515103,/9649-Promotional-51_x_51_Tattoos_(INDENT_ONLY).aspx
RNG WTAB03,/9650-Promotional-Armband_Tattoos_(INDENT_ONLY).aspx
RNG WTCUST03,/9651-Promotional-Custom_Tattoos_(INDENT_ONLY).aspx
RNG WTSHEET2,/9652-Promotional-Tattoo_Sheets_(INDENT_ONLY).aspx
RNG ZM1001,/12882-Promotional-Zoom_2-In-1_Tech_Sleeve_JournalBook.aspx
RNG ZM1002,/12883-Promotional-Zoom_2-In-1_Tech_Sleeve_Zip_Padfolio.aspx
RNG ZM1003,/12884-Promotional-Zoom_Energy_Bar.aspx
RNG ZM1004,/12885-Promotional-Zoom_Energy_Square.aspx
Rowing  Harvest,/10339-Promotional-Rowing_Ladies_Twill_Shirt.aspx
RS GEAR,/12309-Promotional-Ripstop_Jacket.aspx
RS21 cpr,/4669-Promotional-Chairman_II_Watch.aspx
RS85M cpr,/4670-Promotional-Modern_Jazz_Watch.aspx
RSP GEAR,/12310-Promotional-Ripstop_Trackpants.aspx
RT-02 NW,/12530-Promotional-FLIP_FLYER_FLYING_DISK.aspx
RT-I01 NW,/12529-Promotional-SUNNYSIDE_LARGE_BEACH_BALL.aspx
RWP GEAR,/12311-Promotional-Retro_Waffle_Polo_-_Mens.aspx
S-01,/3718-Promotional-Wrath_Muscle_Top.aspx
S-02,/3719-Promotional-Insider_Singlet.aspx
S-03,/3720-Promotional-Royale_Singlet.aspx
S-04,/3721-Promotional-Urban_Tank.aspx
S-122 HC,/8862-Promotional-The_Coffee_Cup_Tumbler.aspx
S-18 NW,/12528-Promotional-PRIZE_SINGLET.aspx
S-708 HC,/8863-Promotional-The_Cupertino_Water_Bottle.aspx
S-733 HC,/10933-Promotional-Lakeland_Triton_Insulated_Water_Bottle.aspx
S-816 HC,/8864-Promotional-The_Sorento_Water_Pouch.aspx
S-W01,/3742-Promotional-Spice_Singlet.aspx
S-W02,/3743-Promotional-Candy_Singlet.aspx
S-W03,/3744-Promotional-Step_Top_Gymwear.aspx
S-W03 NW,/12503-Promotional-STEP_TOP.aspx
S-W04,/3745-Promotional-Response_Top.aspx
S-W05,/3746-Promotional-Gypsy_Top.aspx
S-W06,/3747-Promotional-Strap_Cam_Singlet.aspx
S-W08,/3748-Promotional-Lulu_Tank.aspx
S-W09,/3749-Promotional-Swift_Singlet.aspx
S-W18 NW,/12502-Promotional-PRIZE_LADY_SINGLET.aspx
S10,/1828-Promotional-Personalized_Stress_Ball_-_Classic_Shape.aspx
S1109,/1829-Promotional-House_Shaped_Stress_Relief_Shape.aspx
S1NFT JB,/8818-Promotional-COC_FITTED_TEE.aspx
S1ST JB,/8820-Promotional-COC_LADIES_SPAGHETTI_TOP.aspx
S25,/1830-Promotional-Stress_Rugby_Ball_-_Two_Tone_Colour.aspx
S26,/1831-Promotional-Stress_Rugby_Ball_-_Solid_Colour.aspx
S27,/1832-Promotional-Stress_Football.aspx
S2CF JB,/8821-Promotional-COC_COTTON_FACE_POLO.aspx
S2FP JB,/8822-Promotional-COC_FASHION_POLO.aspx
S2LCP JB,/8823-Promotional-COC_LADIES_COTTON_PIQUE_POLO.aspx
S2MP JB,/8824-Promotional-COC_COTTON_PIQUE_POLO.aspx
S2OP JB,/8825-Promotional-COC_OTTOMAN_POLO.aspx
S2OP1 JB,/8826-Promotional-COC_LADIES_OTTOMAN_POLO.aspx
S3002,/1833-Promotional-Stress_Earth_Ball.aspx
S3520,/1834-Promotional-Star_Shaped_Stress_Toy.aspx
S3FF JB,/8827-Promotional-COC_FULL_ZIP_FLEECY_(80/20).aspx
S3FH JB,/8828-Promotional-COC_KIDS_FULL_ZIP_FLEECY_HOODIE.aspx
S3FH JB,/8829-Promotional-COC_ADULTS_FULL_ZIP_FLEECY_HOODIE.aspx
S4120,/1835-Promotional-Stress_Beetle_Car.aspx
S4206,/1836-Promotional-Stress_Sports_Car.aspx
S4309,/1837-Promotional-Van_Shaped_Stress_Toy.aspx
S4620,/1838-Promotional-Hard_Hat_Shaped_Stress_Toy.aspx
S5521,/1839-Promotional-Stress_Brain.aspx
S6521,/1840-Promotional-Stress_Aeroplane.aspx
S7521,/1841-Promotional-Classic_Stress__Ball_-_Grey/Black.aspx
S7G JB,/8830-Promotional-COC_LADIES_GYM_PANT.aspx
S7G3 JB,/8831-Promotional-COC_LADIES_3/4_GYM_PANT.aspx
S7LS JB,/8832-Promotional-COC_LADIES_ATHLETIC_SINGLET.aspx
SA1186 Wenger Back Pack 27L Promo Bag,/10728-Promotional-Wenger_27_Litre_Sports_Backpack.aspx
SA1290 Promo Bag,/10729-Promotional-Wenger_21L_Backpack.aspx
SA1296 Promo Bag,/10730-Promotional-Wenger_25L_Backpack.aspx
SA3085 Promo Bag,/10731-Promotional-Wenger_18.5L_Backpack.aspx
SA3110 Promo Bag,/10732-Promotional-Wenger_28.5L_Backpack.aspx
SA8908 Promo Bag,/10734-Promotional-Swiss_Alps_20'_Carry_on_Case.aspx
SAN101-c,/4020-Promotional-Waterless_Sanitizer_Pump.aspx
SAN102-c,/4021-Promotional-Waterless_Sanitizer_Small_Tube.aspx
SAN103-c,/4022-Promotional-Sanitiser_Pocket_Spray.aspx
Sarasota  Harvest,/10340-Promotional-Sarasota_Fleece_Jacket.aspx
Sash,/2510-Promotional-Sash.aspx
Savanna  Harvest,/10341-Promotional-Savanna_Softshell_Jacket.aspx
Scorpio Screen Printed Lanyard,/2511-Promotional-Scorpio_Screen_Printed_Lanyard.aspx
Semora  Harvest,/10342-Promotional-Semora_Ladies_Polo.aspx
Sewn Lanyard,/2512-Promotional-Sewn_Lanyard.aspx
SG-01 NW,/12527-Promotional-Wayfarer_Sunglasses.aspx
SG-02 NW,/12526-Promotional-BONDI_SUNGLASSES.aspx
SG1001-c,/4023-Promotional-Scented_Body_Wash_Small_Bottle.aspx
SG1002-c,/4024-Promotional-Scented_Body_Wash_Small_Tube.aspx
SG1003-c,/4025-Promotional-Scented_Body_Wash_Large_Bottle.aspx
SHA101-c,/4026-Promotional-Shampoo_Bottle.aspx
SHOT101-c,/4027-Promotional-Bath_Shots.aspx
SHOT105-c,/4028-Promotional-Bath_Bead_Shots.aspx
SHT-02,/3722-Promotional-Essential_S/S_Shirts.aspx
SHT-02 NW,/12525-Promotional-ESSENTIAL_S/S_SHIRT.aspx
SHT-04,/3723-Promotional-Lance_S/S_Shirt.aspx
"SHT-06,""/3724-Promotional-CHAMBRAY_S/S_SHIRT<br/>""""WRINKLE_FREE"""".aspx""";
SHT-06 NW,/12524-Promotional-CHAMBRAY_S/S_SHIRT.aspx
SHT-L01,/3725-Promotional-Essential_L/S_Shirt.aspx
SHT-L03,/3726-Promotional-Lance_L/S_Shirt.aspx
"SHT-L05,""/3727-Promotional-CHAMBRAY_L/S_SHIRT<br/>""""WRINKLE_FREE"""".aspx""";
SHT-L05 NW,/12523-Promotional-CHAMBRAY_L/S_SHIRT.aspx
SHT-L07,/3728-Promotional-CORPORATE_L/S_SHIRT.aspx
SHT-L09,/3729-Promotional-CAREER_L/S_SHIRT.aspx
"SHT-LW05,""/3730-Promotional-CHAMBRAY_LADY_L/S_SHIRT<br/>""""WRINKLE_FREE"""".aspx""";
SHT-LW05 NW,/12522-Promotional-CHAMBRAY_LADY_L/S_SHIRT.aspx
SHT-LW09,/3731-Promotional-CAREER_LADY_L/S_SHIRT.aspx
SHT-QW01,/3732-Promotional-Composure_3/4_Shirt.aspx
SHT-QW03,/3733-Promotional-Innovative_3/4_Shirt.aspx
SHT-QW07,/3734-Promotional-CORPORATE_LADY_3/4_SHIRT.aspx
SHT-W02,/3735-Promotional-Composure_S/S_Shirt.aspx
SHT-W04,/3736-Promotional-Innovative_S/S_Shirt.aspx
SHT-W05,/3737-Promotional-Fierce_Satin_S/S_Shirt.aspx
"SHT-W06,""/3738-Promotional-CHAMBRAY_LADY_S/S_SHIRT<br/>""""WRINKLE_FREE"""".aspx""";
SHT-W06 NW,/12521-Promotional-CHAMBRAY_LADY_S/S_SHIRT.aspx
Silicone Wrist Bands,/2513-Promotional-Printed_Silicone_Wrist_Bands.aspx
Silky Full Colour Lanyard,/2514-Promotional-Silky_Full_Colour_Lanyard.aspx
SIWB03-EX_OC,/3454-Promotional-Raised_Silicone_Wrist_Band.aspx
SIWB04-EX_OC,/3455-Promotional-Multi-coloured_Silicone_Wrist_Band.aspx
SIWB05-EX_OC,/3456-Promotional-White_Print_on_coloured_Silicone_Wrist_Band.aspx
SIWB06-EX_OC,/3457-Promotional-Pitted_Silicone_Wrist_Band.aspx
SIWB10-ST_OC,/3458-Promotional-Printed_Silicone_Wrist_Band.aspx
SIWB11-EX_OC,/3459-Promotional-Printed_Silicone_Wrist_Band_Keyring.aspx
SIWB12-EX_OC,/3460-Promotional-Silicone_Rings.aspx
SIWB13-EX_OC,/3461-Promotional-Customised_Colour_Mix_Silicone_Wrist_Band.aspx
SIWB14-EX_OC,/3462-Promotional-Silicone_Wrist_Band_USB_Flash_Drive.aspx
SJ GEAR,/12312-Promotional-Spliced_Zenith_Jacket.aspx
SL DSABBY,/6305-Promotional-LADIES_SPLICED_PRINTED_POLO.aspx
SL DSADEN,/6306-Promotional-MEN'S_ADEN_STRIPE_POLO.aspx
SL DSBOSS,/6307-Promotional-MEN'S_BOSS_POLO.aspx
SL DSCDUA,/6308-Promotional-CHILDRENS_DUAL_POLO.aspx
SL DSCOOK,/6309-Promotional-MENS_COOK_POLO.aspx
SL DSCORS,/6310-Promotional-LADIES_CORSICA_POLO.aspx
SL DSDOVE,/6311-Promotional-LADIES_DOVE_PIPED_SLEEVELESS_POLO.aspx
SL DSDUKE,/6312-Promotional-MEN'S_DUKE_STRIPE_POLO.aspx
SL DSECLP,/6313-Promotional-MENS_ECLIPSE_SPLICE_POLO.aspx
SL DSELLA,/6314-Promotional-LADIES_ELLA_PRINTED_POLO.aspx
SL DSFOXY,/6315-Promotional-LADIES_BODY_MAPPING_POLO.aspx
SL DSHOPE,/6316-Promotional-LADIES_HOPE_LONG_SLEEVE_POLO.aspx
SL DSHYPE,/6317-Promotional-MEN'S_HYPE_BODY_MAPPING_POLO.aspx
SL DSJAZZ,/6318-Promotional-LADIES_JAZZ_POLO.aspx
SL DSLCOO,/6319-Promotional-LADIES_COOK_POLO.aspx
SL DSLECL,/6320-Promotional-LADIES_ECLIPSE_SPLICE_POLO.aspx
SL DSLULU,/6321-Promotional-LADIES_LULU_ARGYLE_POLO.aspx
SL DSNASH,/6322-Promotional-MEN'S_NASH_SUBLIMATION_POLO.aspx
SL DSOTIS,/6323-Promotional-MEN'S_OTIS_SUBLIMATION_POLO.aspx
SL DSROSE,/6324-Promotional-LADIES_ROSE_POLO.aspx
SL DSWEBB,/6325-Promotional-MEN'S_WEBB_STRIPE_POLO.aspx
SL DSYORK,/6326-Promotional-MEN'S_YORK_DRI-SPORTE_LONG_SLEEVE_POLO.aspx
SL DSZOEY,/6327-Promotional-LADIES_ZOEY_STRIPE_POLO.aspx
SL FSDELL,/6328-Promotional-MEN'S_DELL_POLO.aspx
SL FSDOLL,/6329-Promotional-LADIES_DOLL_POLO.aspx
SL GLDYPQ,/6330-Promotional-LADIES_SOLID_PIQUE_POLO.aspx
SL GLPQSG,/6331-Promotional-LADIES_SOLID_PIQUE_SLEEVELESS_POLO.aspx
SL GMNLIB,/6332-Promotional-MEN'S_LIBERTY_POLO.aspx
SL GPPQPO,/6333-Promotional-MEN'S_SOLID_PIQUE_POLO.aspx
SL GTOWEL,/6334-Promotional-100%_COTTON_TOWEL.aspx
SL PCAXIS,/6335-Promotional-MEN'S_AXIS_POLO.aspx
SL PCLAXI,/6336-Promotional-LADIES_AXIS_POLO.aspx
SL SC1004,/6337-Promotional-GARMENT_WASHED_CAP.aspx
SL SC1015,/6338-Promotional-WASHED_TWILL_SANDWICH_CAP.aspx
SL SC1019,/6339-Promotional-STRUCTURED_CAP_W/_MAGNETIC_BALL_MARKER.aspx
SL SC1021,/6340-Promotional-WATERPROOF_BUCKET_HAT.aspx
SL SC1023,/6341-Promotional-TRI_COLOUR_WASHED_COTTON_CAP.aspx
SL SC1029,/6343-Promotional-CANVAS_HAT.aspx
SL SC1030,/6344-Promotional-COTTON_BUCKET_HAT.aspx
SL SC1042,/6345-Promotional-SPLICED_WASHED_TWILL_CAP.aspx
SL SC1050,/6346-Promotional-PERFORMANCE_SPLICED_CAP.aspx
SL SC1051,/6347-Promotional-SPORTE-FIT_CAP.aspx
SL SC1052,/6348-Promotional-CHECK_CAP.aspx
SL SC1054,/6349-Promotional-PIPED_CAP.aspx
SL SC1055,/6350-Promotional-TRIO_CAP.aspx
SL SC1056,/6351-Promotional-RACE_CAP.aspx
SL SL011,/6352-Promotional-MEN'S_ELMWOOD_POLO.aspx
SL SL012,/6353-Promotional-LADIES_ELMWOOD_POLO.aspx
SL SL019,/6354-Promotional-MENS_EVOLUTION_POLO.aspx
SL SL020,/6355-Promotional-LADIES_EVOLUTION_POLO.aspx
SL SL021S,/6356-Promotional-MEN'S_BIRKDALE_POLO.aspx
SL SL022,/6357-Promotional-LADIES_BIRKDALE_POLO.aspx
SL SL025,/6358-Promotional-LADIES_ALYSSA_POLO.aspx
SL SLA002,/6359-Promotional-LADIES_ANKLET_SOCK.aspx
SL SLA004,/6360-Promotional-MEN'S_CREW_SOCK.aspx
SL SLA008,/6361-Promotional-TWO_TONE_COTTON_TOWEL.aspx
SL SLA009,/6362-Promotional-LADIES_CANVAS_WOVEN_BELT.aspx
SL SLA010,/6363-Promotional-MEN'S_CANVAS_WOVEN_BELT.aspx
SL SLB040,/6364-Promotional-MEN'S_RYDER_CHECK_SHORT.aspx
SL SLB041,/6365-Promotional-MEN'S_RYDER_CHECK_PANT.aspx
SL SLB042,/6366-Promotional-MEN'S_CHARLIE_CHECK_SHORT.aspx
SL SLB043,/6367-Promotional-MEN'S_CHARLIE_CHECK_PANT.aspx
SL SLB045,/6369-Promotional-MEN'S_TINY_CHECK_PANT.aspx
SL SLB046,/6370-Promotional-MEN'S_PLAIN_MOISTURE_WICKING_SHORT.aspx
SL SLB047,/6371-Promotional-MEN'S_PLAIN_MOISTURE_WICKING_PANT.aspx
SL SLB048,/6372-Promotional-LADIES_SHORT.aspx
SL SLB049,/6373-Promotional-LADIES_3/4_PANT.aspx
SL SLB050,/6374-Promotional-Ladies_Skirt.aspx
SL SLB051,/6375-Promotional-Printed_Ladies_Pant.aspx
SL SLB053,/6376-Promotional-LADIES_CHARLIE_CHECK_SHORT.aspx
SL SLB054,/6377-Promotional-LADIES_TINY_SHORTS.aspx
SL SLB055,/6378-Promotional-MEN'S_FLEX_SPORTE_SHORTS.aspx
SL SLB057,/6380-Promotional-LADIES_3/4_PANT.aspx
SL SLB058,/6381-Promotional-Ladies_Sport_Skirt.aspx
SL SLB059,/6382-Promotional-Embroided_Printed_Ladies_Pant.aspx
SL SLBG03,/6383-Promotional-SHAVE_UTILITY_BAG.aspx
SL SLBG04,/6384-Promotional-ATTACHE_BAG.aspx
SL SLBG25,/6388-Promotional-SHOE_BAG.aspx
SL SLBG26,/6389-Promotional-Dual_Colour_Nylon_Weekend_Bag_with.aspx
SL SLBG29,/6390-Promotional-WINE_BAG.aspx
SL SLBG30,/6391-Promotional-FOLIO_BAG.aspx
SL SLBG32,/6392-Promotional-UPRIGHT_LAPTOP_BAG.aspx
SL SLC033,/6393-Promotional-MEN'S_SOLID_MERCERISED_POLO.aspx
SL SLC048,/6394-Promotional-MEN'S_PERFORMANCE_COTTON_POLO.aspx
SL SLC050,/6395-Promotional-MEN'S_MITCHELL_STRIPE_POLO.aspx
SL SLC074,/6397-Promotional-MEN'S_HUNT_STRIPE_POLO.aspx
SL SLC075,/6398-Promotional-MEN'S_VIVA_STRIPE_POLO.aspx
SL SLC076,/6399-Promotional-MEN'S_REID_STRIPE_POLO.aspx
SL SLC1001,/6400-Promotional-SPORTE_LEISURE_COLLECTION_LADIES_BALL_MARKER_VISOR.aspx
SL SPAERO,/6401-Promotional-MEN'S_AERO_POLO.aspx
SL SPBUNB,/6402-Promotional-MENS_BUNBURY_STRIPE_POLO.aspx
SL SPCBUN,/6403-Promotional-CHILDRENS_BUNBURY_POLO.aspx
SL SPCEVO,/6404-Promotional-CHILDRENS_EVOLUTION_POLO.aspx
SL SPERIC,/6405-Promotional-MEN'S_ERIC_POLO.aspx
SL SPJAKE,/6406-Promotional-MEN'S_JAKE_PRINT_POLO.aspx
SL SPKATI,/6407-Promotional-LADIES_KATI_SPLICE_POLO.aspx
SL SPKENT,/6408-Promotional-MEN'S_KENT_PRINT_POLO.aspx
SL SPLAER,/6409-Promotional-LADIES_AERO_POLO.aspx
SL SPLBUN,/6410-Promotional-LADIES_BUNBURY_STRIPE_POLO.aspx
SL SPLRAC,/6411-Promotional-LADIES_RACE_POLO.aspx
SL SPLTRI,/6412-Promotional-LADIES_TRIO_POLO.aspx
SL SPMOJE,/6413-Promotional-MEN'S_MOJAVE_PRINT_POLO.aspx
SL SPNOAH,/6414-Promotional-MEN'S_NOAH_POLO.aspx
SL SPRACE,/6415-Promotional-MEN'S_RACE_POLO.aspx
SL SPTRIO,/6416-Promotional-MEN'S_TRIO_SPLICED_POLO.aspx
SL SPWADE,/6417-Promotional-MEN'S_WADE_POLO.aspx
SL TW78,/6418-Promotional-BRUSHED_COTTON_PLAIN_CAP.aspx
SL-C01 NW,/12520-Promotional-TERRY_VELOUR_SLIPPERS.aspx
SL-T04 NW,/12519-Promotional-THONGS.aspx
SL-T05 NW,/12518-Promotional-ADULT_FLIP_FLOPS.aspx
SL001-c,/4029-Promotional-After_Sun_Lotion_Bottle.aspx
SL002-c,/4030-Promotional-After_Sun_Lotion_Tube.aspx
SMJ GEAR,/12313-Promotional-Summit_Jacket.aspx
SMV GEAR,/12314-Promotional-Summit_Vest.aspx
Snyder Harvest,/10343-Promotional-Snyder_Soft_Shell_Jacket.aspx
Southside Harvest,/10344-Promotional-Southside_Mens_Twill_Shorts.aspx
SP101 HC,/8865-Promotional-iPhone_Bottle_Opener.aspx
SPBD10-EX_OC,/3464-Promotional-Plastic_Sports_Bottle_SPBD10-EX_OC.aspx
SPBD11-EX_OC,/3465-Promotional-Plastic_Sports_Bottle_SPBD11-EX_OC.aspx
SPBD12-EX_OC,/3466-Promotional-Plastic_Sports_Bottle_SPBD12-EX_OC.aspx
SPBD13-EX_OC,/3467-Promotional-Plastic_Sports_Bottle_SPBD13-EX_OC.aspx
SPBD14-EX_OC,/3468-Promotional-Plastic_Sports_Bottle_SPBD14-EX_OC.aspx
SPBD15-EX_OC,/3469-Promotional-Plastic_Sports_Bottle_SPBD15-EX_OC.aspx
SPBD16-EX_OC,/3346-Promotional-Aluminium_Sports_Bottle_-_Orange.aspx
SPBD166-EX_OC,/3470-Promotional-Plastic_Sports_Bottle_SPBD166-EX_OC.aspx
SPBD17-EX_OC,/3347-Promotional-Aluminium_Sports_Bottle_-_800ml.aspx
SPBD177-EX_OC,/3471-Promotional-Plastic_Sports_Bottle_SPBD177-EX_OC.aspx
SPBD18-EX_OC,/3348-Promotional-Aluminium_Sports_Bottle.aspx
SPBD19-EX_OC,/3472-Promotional-Plastic_Sports_Bottle_SPBD19-EX_OC.aspx
SPK-02 NW,/12517-Promotional-PORTABLE_MINI_SPEAKER.aspx
Squeeze Oxford Harvest,/10345-Promotional-Squeeze_Oxford_Jacket.aspx
Squeeze Polar  Harvest,/10346-Promotional-Squeeze_Polar_Jacket.aspx
SS GEAR,/12315-Promotional-Shoulder_Stripe_Polo.aspx
ST-03 NW,/12516-Promotional-SPRINT_SHORTS.aspx
ST-B01,/3739-Promotional-Pipeline_Boardie.aspx
ST-BW01,/3740-Promotional-Aloha_Boardie.aspx
ST-K03 NW,/12515-Promotional-SPRINT_JUNIOR_SHORTS.aspx
ST-W03 NW,/12509-Promotional-SPRINT_LADY_SHORTS.aspx
ST-W04,/3741-Promotional-Step_Shorts.aspx
ST5038 CPR,/10964-Promotional-Stylussimo_Wrist_Band.aspx
ST5039 CPR,/10973-Promotional-Clipso_Stylus.aspx
ST5042 CPR,/10987-Promotional-Pinkie_Finger_Stylus.aspx
ST5043 CPR,/10988-Promotional-Fingerprint_Cleaner_Stylus.aspx
Stanwood  Harvest,/10347-Promotional-Stanwood_Mens_Shirt.aspx
Stonewall  Harvest,/10348-Promotional-Stonewall_Mens_Rain_Jacket.aspx
STR-03 NW,/12514-Promotional-STRESS_BALL.aspx
STR-05 NW,/12513-Promotional-STRESS_HARD_HAT.aspx
STR-12 NW,/12512-Promotional-STRESS_T-SHIRT.aspx
STR-17 NW,/12511-Promotional-STRESS_HEART.aspx
STR-18 NW,/12510-Promotional-STRESS_PHONE.aspx
STRS01-EX_OC,/3473-Promotional-Bocce_Stress_Shape.aspx
STRS02-EX_OC,/3474-Promotional-Bowling_Ball_Stress_Shape.aspx
STRS03-EX_OC,/3475-Promotional-Football_Stress_Shape.aspx
STRS04-EX_OC,/3476-Promotional-Basketball_Stress_Shape.aspx
STRS05-EX_OC,/3477-Promotional-Soccer_Stress_Shape.aspx
STRS06-EX_OC,/3478-Promotional-Golf_Ball_Stress_Shape.aspx
STRS07-EX_OC,/3479-Promotional-Stress_Ball_in_Bull_Shape.aspx
STRS08-EX_OC,/3480-Promotional-Pyramid_Stress_Shape.aspx
STRS09-EX_OC,/3481-Promotional-Hard_Hat_Stress_Shape_on_Keyring.aspx
STRS10-EX_OC,/3482-Promotional-Cruise_Ship_Stress_Shape.aspx
STRS11-EX_OC,/3483-Promotional-Key_Stress_Shape.aspx
STRS12-EX_OC,/3484-Promotional-Thumbs_Up_Stress_Shape.aspx
STRS13-EX_OC,/3485-Promotional-Brain_Stress_Shape.aspx
STRS14-EX_OC,/3486-Promotional-Australia_Stress_Shape.aspx
STRS15-EX_OC,/3487-Promotional-Phone_Holder_Ball_Stress_Shape.aspx
STRS16-EX_OC,/3488-Promotional-Smiley_Face_Stress_Shape.aspx
STRS17-EX_OC,/3489-Promotional-Star_Stress_Shape.aspx
STRS18-EX_OC,/3490-Promotional-Lime_Stress_Shape.aspx
STRS19-EX_OC,/3491-Promotional-Motorbike_Stress_Shape.aspx
STRS20-EX_OC,/3492-Promotional-Cube_Stress_Shape.aspx
STRS21-EX_OC,/3493-Promotional-Phone_Holder_Stress_Shape.aspx
STRS22-EX_OC,/3494-Promotional-Piggy_Stress_Shape.aspx
STRS23-EX_OC,/3495-Promotional-Hat_Stress_Shape.aspx
STRS24-EX_OC,/3496-Promotional-Buffalo_Stress_Shape.aspx
STRS25-EX_OC,/3497-Promotional-Car_Stress_Shape.aspx
STRS26-EX_OC,/3498-Promotional-Cow_Stress_Shape.aspx
STRS27-EX_OC,/3499-Promotional-Bull_Stress_Shape.aspx
STRS28-EX_OC,/3500-Promotional-Alien_Stress_Shape.aspx
STRS29-EX_OC,/3501-Promotional-Safety_Helmut_Stress_Shape.aspx
STRS30-EX_OC,/3502-Promotional-Creature_Stress_Shape.aspx
STRS31-EX_OC,/3503-Promotional-Sports_Car_Stress_Shape.aspx
STRS32-EX_OC,/3504-Promotional-Heart_Stress_Shape.aspx
STRS33-EX_OC,/3505-Promotional-Cricket_Ball_Stress_Shape.aspx
STRS34-EX_OC,/3506-Promotional-Oval_Stress_Shape_Keyring.aspx
STRS35-EX_OC,/3507-Promotional-Cute_Stress_Shape.aspx
STRS36-EX_OC,/3508-Promotional-Bone_Stress_Shape.aspx
STRS37-EX_OC,/3509-Promotional-Van__Stress_Shape.aspx
STRS38-EX_OC,/3510-Promotional-Dollar_Stress_Shape.aspx
STRS39-EX_OC,/3511-Promotional-Packaging_Stress_Shape_Keyring.aspx
STRS40-EX_OC,/3512-Promotional-Waterpolo_Stress_Shape_Keyring.aspx
STRS41-EX_OC,/3513-Promotional-Earth_Stress_Shape.aspx
STRS42-EX_OC,/3514-Promotional-Kidney_Stress_Shape.aspx
STRS43-EX_OC,/3515-Promotional-Ambulance_Stress_Shape.aspx
STRS44-EX_OC,/3516-Promotional-Chilli_Stress_Shape.aspx
STRS45-EX_OC,/3517-Promotional-Helmet_Stress_Shape_Keyring.aspx
STRS46-EX_OC,/3518-Promotional-Rugby_Ball_Stress_Shape.aspx
STRS47-EX_OC,/3519-Promotional-Rugby_Ball_Shaped_Stress_Toy.aspx
STRS48-EX_OC,/3520-Promotional-Tennis_Ball_Stress_Shape.aspx
STRS49-EX_OC,/3521-Promotional-House_Stress_Shape.aspx
STRS50-EX_OC,/3522-Promotional-Bus_Stress_Shape.aspx
STRS51-EX_OC,/3523-Promotional-Light_Bulb_Stress_Shape.aspx
STRS52-EX_OC,/3524-Promotional-Safety_Helmet_Stress_Shape.aspx
STY-01 NW,/12508-Promotional-WILLOW_LEAF_STYLUS.aspx
STY-02 NW,/12507-Promotional-HIGH_SENSITIVITY_STYLUS_PEN.aspx
STY-04 NW,/12506-Promotional-TECHTIP_STYLUS_AND_SCREEN_CLEANER.aspx
STY-P03 NW,/12505-Promotional-STILO_STYLUS_WITH_PEN.aspx
Summerdale  Harvest,/10349-Promotional-Summerdale_Ladies_Twill_Shorts.aspx
Surf Lady Harvest,/10350-Promotional-Surf_Ladies_Polo.aspx
Surf Men Harvest,/10351-Promotional-Surf_Mens_Polo.aspx
Surf pro  Harvest,/10352-Promotional-Surf_Pro_Mens_Polo.aspx
Surf pro Lady  Harvest,/10353-Promotional-Surf_Pro_Ladies_Polo.aspx
SV-01 NW,/12504-Promotional-MICRO_FLEECE_SCARF.aspx
SW101 HC,/10934-Promotional-Personalized_Wristbands_-_Silicone.aspx
SWM-R01,/3750-Promotional-Hybrid_Rashie.aspx
SWM-RK01,/3751-Promotional-Resist_Rashie.aspx
SWT-03 NW,/12501-Promotional-THERMO_SWEATSHIRT.aspx
SWT-H01,/3752-Promotional-Thermo_Hoodies.aspx
SWT-H01 NW,/12500-Promotional-THERMO_HOODIE.aspx
SWT-H02,/3753-Promotional-Commander_Hoodie.aspx
SWT-HK01,/3754-Promotional-THERMO_JNR/LADY_HOODIE.aspx
SWT-HK01 NW,/12499-Promotional-THERMO_JUNIOR_HOODIE.aspx
SWT-HW01 NW,/12498-Promotional-THERMO_LADY_HOODIE.aspx
SWT-HW02,/3755-Promotional-Corporal_Hoodie.aspx
T-01,/3756-Promotional-Slim_Tee.aspx
T-01 NW,/12497-Promotional-SLIM_Tee_Tshirt.aspx
T-03,/3757-Promotional-Premiere_Tee.aspx
T-03 NW,/12496-Promotional-PREMIERE_Tee_Tshirt.aspx
T-04,/3758-Promotional-Printed_Promo_Tees.aspx
T-05,/3759-Promotional-Active_Tee.aspx
T-05 NW,/12495-Promotional-ACTIVE_Tee_Tshirt.aspx
T-06,/3760-Promotional-Tribute_Tee.aspx
T-07,/3761-Promotional-Edge_Tee.aspx
T-07 NW,/12494-Promotional-EDGE_Tee_Tshirt.aspx
T-08,/3762-Promotional-Select_Tee.aspx
T-09,/3763-Promotional-Ringer_Fit_Tee.aspx
T-10,/3764-Promotional-Press_Rib_Tee.aspx
T-11,/3765-Promotional-TREND_TEE.aspx
T-11 NW,/12493-Promotional-TREND_Tee_Tshirt.aspx
T-18 NW,/12492-Promotional-PRIZE_Tee_Tshirt.aspx
T-23 NW,/12491-Promotional-BASE_Tee_Tshirt.aspx
T-231 HC,/8866-Promotional-Mini_USB_iPhone_Charger.aspx
T-232 HC,/10935-Promotional-The_Deux_Port_USB_Car_Charger.aspx
T-233 HC,/10936-Promotional-3_in_1_Retractable_USB_Charger.aspx
T-24 NW,/12490-Promotional-WAVE_Tee_Tshirt.aspx
T-360 HC,/8867-Promotional-The_Coloma_Mobile_Phone_Holder.aspx
T-361 HC,/8868-Promotional-IPhone_Megaphone_Speaker.aspx
T-398 HC,/8869-Promotional-Wax_Lipstick_Highlighter.aspx
T-408 HC,/10937-Promotional-The_Freeport_Earphones_Splitter.aspx
T-409 HC,/8870-Promotional-Stand_N_Splitter.aspx
T-411 HC,/8871-Promotional-The_Noodle_Earphones.aspx
T-539 HC,/10938-Promotional-The_Sadler_Stylus_Phone_Charm.aspx
T-547 HC,/10939-Promotional-The_Newton_Salad_Shaker.aspx
T-548 HC,/10940-Promotional-The_Palmetto_Salad_Container.aspx
T-671 HC,/8872-Promotional-Ergonomic_Tyre_Gauge.aspx
T-689 HC,/10941-Promotional-Pocket_Level_w/_Screwdriver_Set.aspx
T-833 HC,/8874-Promotional-Rain_Poncho_Ball.aspx
T-938 HC,/8875-Promotional-The_Carlton_Notebook.aspx
T-939 HC,/8876-Promotional-The_Fredonia_Notebook.aspx
T-943 HC,/10942-Promotional-The_Dalton_Sticky_Note_Book.aspx
T-954 HC,/10943-Promotional-The_Sticky_Note_Marker_Strip_Book.aspx
T-980 HC,/10944-Promotional-The_Senoia_Triple_Container.aspx
T-982 HC,/10945-Promotional-The_Big_Savoy_Sandwich_Container.aspx
T-G03,/3766-Promotional-Daisy_Tee.aspx
T-G03 NW,/12455-Promotional-DAISY_Tee_Tshirt.aspx
T-K03,/3767-Promotional-Junior_Tee.aspx
T-K03 NW,/12454-Promotional-JUNIOR_Tee_Tshirt.aspx
T-K18 NW,/12453-Promotional-PRIZE_JUNIOR_Tee_Tshirt.aspx
T-L01,/3768-Promotional-Reflect_L/S_Tee.aspx
T-L01 NW,/12452-Promotional-REFLECT_L/S_Tee_Tshirt.aspx
T-L02,/3769-Promotional-Shield_L/S_Tee.aspx
T-LK03,/3770-Promotional-Patriot_L/S_Tee.aspx
T-LK03 NW,/12451-Promotional-PATRIOT_L/S_Tee_Tshirt.aspx
T-LW01,/3771-Promotional-Empire_L/S_Tee.aspx
T-LW01 NW,/12442-Promotional-EMPIRE_L/S_Tee_Tshirt.aspx
T-QW09,/3772-Promotional-Figure_3/4_Tee.aspx
T-QW09 NW,/12439-Promotional-FIGURE_3/4_Tee_Tshirt.aspx
T-VW04 NW,/12428-Promotional-INSPIRE_Tee_Tshirt.aspx
T-W03,/3773-Promotional-Bella_Tee.aspx
T-W03 NW,/12427-Promotional-BELLA_Tee_Tshirt.aspx
T-W04,/3774-Promotional-Inspire_Tee.aspx
T-W05,/3775-Promotional-Destiny_Tee.aspx
T-W05 NW,/12426-Promotional-DESTINY_Tee_Tshirt.aspx
T-W06,/3776-Promotional-Jasper_Tee.aspx
T-W06 NW,/12425-Promotional-JASPER_Tee_Tshirt.aspx
T-W07,/3777-Promotional-Lacey_Tee.aspx
T-W08,/3778-Promotional-Wish_Tee.aspx
T-W10 NW,/12424-Promotional-VOGUE_Tee_Tshirt.aspx
T-W11 NW,/12423-Promotional-TREND_LADY_Tee_Tshirt.aspx
T-W18 NW,/12422-Promotional-PRIZE_LADY_Tee_Tshirt.aspx
T-W22 NW,/12421-Promotional-ELLE_Tee_Tshirt.aspx
T102A,/3310-Promotional-Ergo-Lite.aspx
T103A,/3311-Promotional-Night_Manager.aspx
T106,/3312-Promotional-Oxford_Manicure_set.aspx
T108,/3313-Promotional-Classic_Manicure_set.aspx
T109C,/3314-Promotional-Cord_Lanyard_4mm.aspx
T110D,/3315-Promotional-Lanyard_Tubular_10mm.aspx
T129,/3316-Promotional-BBQ_Set_-_Corporate_Gift.aspx
T133,/3317-Promotional-Metal_Multi_-Tool_with_pouch.aspx
T135,/3318-Promotional-Tape_measure_-3m.aspx
T140D,/3319-Promotional-Lanyard_25mm.aspx
T156,/3320-Promotional-12_in_1_Screwdriver_Set.aspx
T160,/3321-Promotional-BBQ_Set_in_Metal_Casing.aspx
T161,/3322-Promotional-LED_Torch.aspx
T163,/3325-Promotional-Shoe_Shine_Kit.aspx
T165,/3326-Promotional-Carabiner_Torch.aspx
T166,/3327-Promotional-Tape_measure-_calculator_-_5m.aspx
T177,/3328-Promotional-Car_Seat_Organizer.aspx
T180,/3329-Promotional-Tape_Measure_-_5m.aspx
T182,/3330-Promotional-Sewing_Kit.aspx
T186,/3331-Promotional-Sunglasses_Clip_for_Car_Visor.aspx
T187,/3332-Promotional-Executive_Mens_Manicure_Set.aspx
T188,/3333-Promotional-BBQ_Tool_Set.aspx
T189,/3334-Promotional-Electric_BBQ_Fork.aspx
T191,/3335-Promotional-Emergency_Torch_Tool_Kit.aspx
T193,/3336-Promotional-BBQ_Light.aspx
T2000,/2762-Promotional-Striped_Towel.aspx
T3000,/2763-Promotional-Hand_Towel.aspx
T4000,/2764-Promotional-Golf_Towel_in_Assorted_Colours.aspx
T5000,/2765-Promotional-Terry_Beach_Towel.aspx
T96,/1842-Promotional-Sport_Seat.aspx
T9601,/1843-Promotional-Leisure_Deluxe_Chair.aspx
TA-L01 NW,/12489-Promotional-SEE_IT_SAFE.aspx
TA-L02 NW,/12488-Promotional-SURF_SAFE.aspx
TA-L03 NW,/12487-Promotional-KEEP_IT_CLEAR.aspx
TA-L04 NW,/12486-Promotional-FLOWER_SURFSAFE.aspx
TA-L05 NW,/12485-Promotional-KEEP_IT_SAFE_ANIMAL_PRINT.aspx
TA-L06 NW,/12484-Promotional-SMART_PHONE_LOCKER.aspx
TA-L07 NW,/12483-Promotional-SMART_PHONE_LOCKER_II.aspx
TA-L08 NW,/12482-Promotional-PASSPORT_LOCKER.aspx
TA-L09 NW,/12481-Promotional-ID_LOCKER.aspx
TAS113 Promo Bag,/10691-Promotional-Thule_13'_Apple_Mac_Sleeve.aspx
TAS115 Promo Bag,/10692-Promotional-Thule_15'_Apple_Mac_Sleeve.aspx
TAT1001-i,/4031-Promotional-38x38mm_Skintagz_Temporary_Tattoos.aspx
TAT1002-i,/4032-Promotional-50x50mm_Skintagz_Temporary_Tattoos.aspx
TAT1003-i,/4033-Promotional-38x50mm_Skintagz_Temporary_Tattoos.aspx
TAT1004-i,/4034-Promotional-38x64mm_Skintagz_Temporary_Tattoos.aspx
TAT1007-i,/4035-Promotional-25x150mm_Temporary_Tattoos.aspx
TAT1008-i,/4036-Promotional-Skintagz_Temporary_Tattoo.aspx
TATN02-EX_OC,/3526-Promotional-Mens_Tattoo_Sleeves.aspx
TATN03-EX_OC,/3527-Promotional-Womens_Tattoo_Sleeves.aspx
Taurus Full Colour Lanyard,/2515-Promotional-Taurus_Full_Colour_Lanyard.aspx
TAV GEAR,/12316-Promotional-The_Avenue_Herringbone_Shirt_-_Mens.aspx
TAX GEAR,/12317-Promotional-The_Axiom_Check_Shirt_-_Mens.aspx
TB-09 NW,/12480-Promotional-RESUABLE_PLASTIC_PARTY_CUP.aspx
TB-C06 NW,/12479-Promotional-SILI_SQUARE_CERAMIC_TUMBLER.aspx
TB-C17 NW,/12478-Promotional-TOGO_CERAMIC_TUMBLER.aspx
TB-D01 NW,/12477-Promotional-ICE_TUMBLER_WITH_STRAW.aspx
TB-D02 NW,/12476-Promotional-TAKEOUT_TUMNLER.aspx
TB-D07 NW,/12475-Promotional-GLITTER_SLURPY_CUP.aspx
TB-D10 NW,/12474-Promotional-HOLLYWOOD_GLITTER_TUMBLER.aspx
TB-D11 NW,/12473-Promotional-SLURPY.aspx
TB-D12 NW,/12472-Promotional-VENTI_SLURPY.aspx
TB-D13 NW,/12471-Promotional-SILI_SQUARE_VENTI.aspx
TB-D14 NW,/12470-Promotional-HOLLYWOOD.aspx
TB-D15 NW,/12469-Promotional-PARTY_TUMBLER.aspx
TB-I05 NW,/12467-Promotional-TAKEOUT_TUMBLER_INFUSER.aspx
TB-I08 NW,/12466-Promotional-FLAVORADE_CUP.aspx
TB-M16 NW,/12465-Promotional-REGENCY_TUMBLER.aspx
TB-T03 NW,/12464-Promotional-THERMALTRAVELLER_TRAVEL_TUMBLER.aspx
TB-T04 NW,/12463-Promotional-ARRONDI_TRAVEL_MUG.aspx
TB001-c,/4037-Promotional-Promo_Tea_Card.aspx
TB002-c,/4038-Promotional-Promo_Tea_Envelopes.aspx
TB003-c,/4039-Promotional-Custom_Tea_Caddie.aspx
TBC GEAR,/12318-Promotional-The_Broadway_Check_Shirt_-_Mens.aspx
TBH-01 NW,/12468-Promotional-RETRACTABLE_BADGE_HOLDER.aspx
TCBP-1 Promo Bag,/10694-Promotional-Thule_30_Liter_Backpack.aspx
TCBP117 Promo Bag,/10693-Promotional-Thule_25_Liter_Backpack.aspx
TCBP217,/8039-Promotional-Thule_32L_Laptop_Backpack.aspx
TCBP217 Promo Bag,/10695-Promotional-Thule_32_Liter_backpack.aspx
TCDB-1 Promo Bag,/10696-Promotional-Thule_70_Liter_Duffle.aspx
TCDP-1 Promo Bag,/10697-Promotional-Thule_40_Liter_Dufflepack.aspx
TCRD-1 Promo Bag,/10698-Promotional-Thule_56_Liter_Rolling_Duffle.aspx
TCRD-2 Promo Bag,/10699-Promotional-Thule_87_Liter_Rolling_Duffle.aspx
TCRU-1 Promo Bag,/10700-Promotional-Thule_38_Liter_Rolling_Carry_on.aspx
TCTJ GEAR,/12319-Promotional-Tricolour_Jacket.aspx
TDN GEAR,/12320-Promotional-The_Denison_Shirt_-_Mens.aspx
TE GEAR,/12321-Promotional-The_Express_Teflon_Shirt_-_Mens.aspx
TE1150,/1844-Promotional-Voyager_Travel_Set.aspx
TEA001-c,/4040-Promotional-Herbal_Tea_Canister.aspx
TEA004-c,/4041-Promotional-Herbal_Tea_Tin.aspx
TEA005-c,/4042-Promotional-Herbal_Tea_Travel_Tin.aspx
TEA006-c,/4043-Promotional-Herbal_Tea_Tin_Box.aspx
TEA007-c,/4044-Promotional-Herbal_Tea_Shot.aspx
TEDN21-EX_OC,/3391-Promotional-Neoprene_flyer.aspx
TEKS101 Promo Bag,/10701-Promotional-Thule_Kindle_Sleeve.aspx
TEL GEAR,/12322-Promotional-The_Evolution_Shirt_-_Mens.aspx
Template Based Calendars,/1898-Promotional-Template_Based_Calendars.aspx
TF GEAR,/12323-Promotional-The_Folio_Check_Shirt_-_Mens.aspx
TF-F01 NW,/12462-Promotional-SMASHLIGHT<sup>?</sup>_ELIANA_BLACK_And_WHITE.aspx
TF-F02 NW,/12461-Promotional-SMASHLIGHT<sup>Andreg;</sup>_ELIANA_PINK.aspx
TF-F03 NW,/12460-Promotional-SMASHLIGHT<sup>Andreg;</sup>_ELIANA_CUSTOM_COLOUR.aspx
TF-F06 NW,/12459-Promotional-SMASHLIGHT<sup>Andreg;</sup>_NOAH.aspx
TF-F14 NW,/12458-Promotional-CONTOUR_FLASHLIGHT.aspx
TF-F16 NW,/12457-Promotional-BARREL_STUBBY_FLASHLIGHT.aspx
TF-T18 NW,/12456-Promotional-BIKE_SAFELY_LIGHT.aspx
TG GEAR,/12324-Promotional-The_Grange_Shirt_-_Mens.aspx
THC GEAR,/12325-Promotional-The_Hartley_Check_Shirt_-_Mens.aspx
THED02-EX_OC,/3529-Promotional-Aluminium_Thermos_-_1_Liter.aspx
THED03-EX_OC,/3530-Promotional-Aluminium_Thermos.aspx
Thermos Flask Aluminium intex,/3528-Promotional-Thermos_Flask_Aluminium.aspx
THGL01-EX_OC,/3531-Promotional-Womens_Rubber_thongs.aspx
THGL02-EX_OC,/3532-Promotional-Mens_Rubber_thongs.aspx
THGN01-EX_OC,/3533-Promotional-Thongs_Gift_Pack.aspx
THHW01-EX_OC,/3569-Promotional-Zebra_Truckers_Hat.aspx
THHW02-EX_OC,/3570-Promotional-Giraffe_Truckers_Hat.aspx
THHW03-EX_OC,/3571-Promotional-Mongoose_Truckers_Hat.aspx
THHW04-EX_OC,/3572-Promotional-BuffaloTruckers_Hat.aspx
THHW05-EX_OC,/3573-Promotional-ImpalaTruckers_Hat.aspx
THHW06-EX_OC,/3574-Promotional-Camel_Truckers_Hat.aspx
THHW07-EX_OC,/3575-Promotional-Jackal_Truckers_Hat.aspx
Tiffin Harvest,/10354-Promotional-Tiffin_Ladies_Polo.aspx
TL GEAR,/12326-Promotional-The_Limited_Teflon_Shirt_-_Mens.aspx
TL-S06 NW,/12450-Promotional-6_IN_1_SCREWDRIVER_SET.aspx
TL-T07 NW,/12449-Promotional-12_IN_1_MULTI-FUNCTIONAL_HAMMER.aspx
TL-T08 NW,/12448-Promotional-FIX_GRIP_MULTITOOL.aspx
TL-T09 NW,/12447-Promotional-17_IN_1_TOOL_SET.aspx
TL-T10 NW,/12446-Promotional-EMERGENCY_AUTO_TOOL.aspx
TL-T11 NW,/12445-Promotional-MANUAL_AUTO_EMERGENCY_TOOLKIT.aspx
TL-T13 NW,/12444-Promotional-DIGITAL_MULTIFUNCTIONAL_TOOLSET.aspx
TL-T14 NW,/12443-Promotional-OUTDOOR_KNIFE_AND_TORCH_SET.aspx
TM GEAR,/12327-Promotional-The_Metro_Knightsbridge_Shirt_-_Mens.aspx
TM-01 NW,/12441-Promotional-SNAP_IT_TAPE_MEASURE.aspx
TM-02 NW,/12440-Promotional-AUTO_STOP_TAPE_MEASURE.aspx
TMAS111 Promo Bag,/10702-Promotional-Thule_MacBook_Air_Sleeve_11.aspx
TMAS113 Promo Bag,/10703-Promotional-Thule_MacBook_Air_Sleeve_13.aspx
TMPA113 Promo Bag,/10704-Promotional-Thule_Macbook_Pro_Attache_13'.aspx
TMPA115 Promo Bag,/10705-Promotional-Thule_Macbook_Pro_Attache_15'.aspx
TMT GEAR,/12328-Promotional-The_Matrix_Teflon_Shirt_-_Mens.aspx
TNP GEAR,/12329-Promotional-The_Newport_Shirt_-_Mens.aspx
TNT GEAR,/12330-Promotional-Transition_Top.aspx
tor AIR1-2-3-4,/4385-Promotional-Air_Fresheners.aspx
tor CLIP1-CLIP2,/4386-Promotional-Magnet_and_Clip_(Printed_4_Colour).aspx
tor CLS, CLD,/4387-Promotional-Waffer_Thin_Mailer_Mat.aspx
tor CMD, CMS,/4388-Promotional-Maxi_Counter_Mat_placemat_A3.aspx
tor CMDL, CMSL,/4389-Promotional-Giant_Counter_Mat_or_Desk_Mat_A2.aspx
tor CMED-4-3-2,/4390-Promotional-Encapsulated_Counter_Mat_Place_Mat_A4_A3_A2.aspx
tor CMMD, CMMS,/4391-Promotional-Mini_Counter_Mat_placemat_A4.aspx
tor COA,/4392-Promotional-COASTERS.aspx
tor FMP4C,/4393-Promotional-Fridge_Magnet_(Printed_4_Colour).aspx
tor JIG1,/4395-Promotional-Jigsaw_Magnet_210_x_150mm.aspx
tor JIG2,/4396-Promotional-Jigsaw_Magnet__140_x_140mm.aspx
tor magbuscard,/4397-Promotional-Fridge_Magnet_Business_Cards_(Printed_4_Colour).aspx
tor magcal,/4398-Promotional-Magnetic_Calendar_(Printed_4_Colour).aspx
tor magtab,/4399-Promotional-Magnetic_Tab_and_Card_(Printed_4_Colour).aspx
tor MDL, MDSL,/4400-Promotional-Deluxe_Mats.aspx
tor MMCC,/4401-Promotional-MOUSE_MAT_And_COASTER_COMBO.aspx
tor MSD, MSS,/4402-Promotional-Speed_Mats.aspx
tor PF1,/4403-Promotional-Photo_Frame_Magnet_-_Small_2_in_1_|_95x95mm.aspx
tor PF2,/4404-Promotional-Photo_Frame_Magnet_-_Small_2_in_1_|_95x140mm.aspx
tor PF3,/4405-Promotional-Photo_Frame__Magnet_-_Large_3_in_1_|_140_x_195mm.aspx
tor PF4,/4406-Promotional-Photo_Frame_Magnet_-_Sqaure_2_in_1_|__140_x140mm.aspx
tor PF5,/4407-Promotional-Photo_Frame_Magnet_-_Traingle_2_in_1.aspx
tor PF6,/4408-Promotional-Photo_Frame_Magnet_-_Double_Side_by_Side.aspx
tor POE,/4409-Promotional-Poetry_Magnet.aspx
tor RRMM,/4410-Promotional-RECYCLED_RUBBER_MOUSE_MAT.aspx
tor SBDH,/4411-Promotional-Seed_Book_Handle_Hanger.aspx
tor SBGC,/4412-Promotional-Seed_Book_Greeting_Card.aspx
tor SBHC,/4413-Promotional-Seed_Book_Header_Card.aspx
tor SBNH,/4414-Promotional-Seed_Book_Neck_Hanger.aspx
tor TD1,/4415-Promotional-95_x_70mm_Magnet_-_To_Do_List_/_NotePad_70_x_95mm.aspx
tor TD2,/4416-Promotional-95_x_70mm_Magnet_-_To_Do_List_/_NotePad_70_x_140mm.aspx
tor TD3,/4417-Promotional-95_x_95mm_Magnet_-_To_Do_List_/_NotePad_70_x_95mm.aspx
tor TD5,/4418-Promotional-140_x_140mm_Magnet_-_To_Do_List_/_Whiteboard_Combo_/_NotePad_95_x_140mm.aspx
tor TD6,/4419-Promotional-95_x_140mm_Magnet_-_To_Do_List_/_Whiteboard_Combo_/_NotePad_70_x_140mm.aspx
tor TDHR,/4420-Promotional-Half_Round_Magnet_-_To_Do_List_/_NotePad_140_x_95mm.aspx
tor TDHS,/4421-Promotional-House_Shape_Magnet_-_To_Do_List_/_NotePad_70_x_95mm.aspx
tor TDOV,/4422-Promotional-Oval_Magnet_-_To_Do_List_/_NotePad_95_x_140mm.aspx
tor TDT,/4423-Promotional-Triangle_Magnet_-_To_Do_List_/_NotePad_140_x_95mm.aspx
tor TDTE,/4424-Promotional-Telephone_Shape_Magnet_-_To_Do_List_/_NotePad_70_x_95mm.aspx
tor TDV,/4425-Promotional-Van_Shape_Magnet_-_To_Do_List_/_NotePad_70_x_95mm.aspx
tor TTT,/4426-Promotional-Tic_Tac_Toe_Magnet.aspx
tor uv sticker,/4427-Promotional-Outdoor_Stickers_UV_Varnished.aspx
tor WB1,/4428-Promotional-Whiteboard_and_Marker_Magnet_-_A5.aspx
tor WB2,/4429-Promotional-Whiteboard_and_Marker_Magnet_-_A4.aspx
tor WB3,/4430-Promotional-Whiteboard_and_Marker_Magnet_-_A3.aspx
tor WBC1,/4431-Promotional-A5_Whiteboard_/_Noteboard_Combination_Magnet.aspx
tor WBC2,/4432-Promotional-A4_Whiteboard_/_Noteboard_Combination_Magnet.aspx
tor WBC3,/4433-Promotional-A3_Whiteboard_/_Noteboard_Combination_Magnet.aspx
TP1001,/5921-Promotional-TravelPro_MaxLite_Travel_Bag.aspx
TP1002,/5922-Promotional-TravelPro_MaxLite_Bag_with_Personalized_Badge.aspx
TP1003,/5923-Promotional-TravelPro_MaxLite_Wheeled_Compu-Case.aspx
TPL GEAR,/12331-Promotional-The_Protocol_Shirt_-_Mens.aspx
TR101-103-c,/4045-Promotional-Tropical_Body_Care_Range.aspx
TRA5008 CPR,/10993-Promotional-Weight_Lifter_Travel_Scale.aspx
TRA5009 CPR,/10994-Promotional-Travellers_Luggage_Tag.aspx
TRA5010 CPR,/10995-Promotional-Passport_Hold-ID.aspx
TRA5011 CPR,/10996-Promotional-Bellboy_Luggage_Tag.aspx
TRAD01-EX_OC,/3559-Promotional-Travel_Mug_TRAD01-EX_OC.aspx
TRAD02-EX_OC,/3560-Promotional-Travel_Mug_TRAD02-EX_OC.aspx
TRAD03-EX_OC,/3561-Promotional-Travel_Mug_TRAD03-EX_OC.aspx
TRAD04-EX_OC,/3562-Promotional-Sydney_Travel_Mug_TRAD04-EX_OC.aspx
TRAD05-EX_OC,/3563-Promotional-Travel_Mug_TRAD05-EX_OC.aspx
TRAD06-EX_OC,/3564-Promotional-Travel_Mug_TRAD06-EX_OC.aspx
TRAD07-EX_OC,/3565-Promotional-Travel_Mug_TRAD07-EX_OC.aspx
TRAD08-EX_OC,/3566-Promotional-Travel_Mug_TRAD08-EX_OC.aspx
TRAD09-EX_OC,/3567-Promotional-Travel_Mug_TRAD09-EX_OC.aspx
TRAD10-EX_OC,/3568-Promotional-Travel_Mug_TRAD10-EX_OC.aspx
TRAV101-s,/4046-Promotional-Toothbrush_Case.aspx
TRAV102-s,/4047-Promotional-Travel_Soap_Case.aspx
TRAV104-s,/4048-Promotional-Toothbrush_and_Paste_Case.aspx
TRAV106-s,/4049-Promotional-Toothpaste_and_Brush_Set.aspx
TRAV108-s,/4050-Promotional-Travel_Neck_Pillow.aspx
TRAV109-s,/4051-Promotional-Travel_Neck_Pillow_with_Pouch.aspx
TRAV110-s,/4052-Promotional-Travel_Toothbrush_and_Paste_Box.aspx
TRAV111-s,/4053-Promotional-Air_Plane_Travel_Set.aspx
Tremont Harvest,/10355-Promotional-Tremont_Mens_Twill_Shirt.aspx
TRJ GEAR,/12332-Promotional-Traverse_Jacket.aspx
TRLS GEAR,/12333-Promotional-The_Republic_Long_Sleeve_Shirt_-_Mens.aspx
TRPT12-IN_OC,/3445-Promotional-Manicure_set_in_aluminium_tin.aspx
TRPT13-IN_OC,/3446-Promotional-Premium_manicure_set.aspx
TRPT16-EX_OC,/3610-Promotional-Tuscany_corporate_watch.aspx
TRPT17-EX_OC,/3611-Promotional-Racer_sports_watch.aspx
TRPT18-EX_OC,/3612-Promotional-Elegante_deluxe_watch.aspx
TRPT19-EX_OC,/3558-Promotional-Travel_passport_holder.aspx
TRPT20-IN_OC,/3613-Promotional-Racer_sports_watch.aspx
TRSS GEAR,/12334-Promotional-The_Republic_Short_Sleeve_Shirt_-_Mens.aspx
TS0112 Promo Bag,/10708-Promotional-Titan_Backpack_with_Organizer.aspx
TS0212 Promo Bag,/10709-Promotional-Titan_Backpack_with_Internal_Mesh_Pocket.aspx
TS0313 Promo Bag,/10710-Promotional-Titan_Backpack_for_Mac_Books.aspx
TSC GEAR,/12335-Promotional-The_Soho_Check_Shirt_-_Mens.aspx
TSP GEAR,/12336-Promotional-Tiger_Stripe_Polo.aspx
TSTP GEAR,/12337-Promotional-Twin_Stripe_Trackpants.aspx
TSWH GEAR,/12338-Promotional-Zip_Hoodie_-_Womens.aspx
TSZH GEAR,/12339-Promotional-Zip_Hoodie_-_Mens.aspx
TT-C06 NW,/12438-Promotional-BOAT_MATE_GUSSETED_CANVAS_TOTE.aspx
TT-C07 NW,/12437-Promotional-CALICO_BAG_SHORT_HANDLE.aspx
TT-C08 NW,/12436-Promotional-CALICO_BAG_LONG_HANDLE.aspx
TT-C11 NW,/12435-Promotional-SANTAFE_TOTE.aspx
TT-C12 NW,/12434-Promotional-HARTFORD_TOTE.aspx
TT-N04 NW,/12433-Promotional-V-GUSSET_TOTE_BAG.aspx
TT-N05 NW,/12432-Promotional-DIE-CUT_HANDLE_TOTE_BAG.aspx
TT-V13 NW,/12431-Promotional-SMALL_CLEAR_TOTE.aspx
TT-W09 NW,/12430-Promotional-SINGLE_BOTTLE_WINE_TOTE.aspx
TT-W10 NW,/12429-Promotional-RIOJA_2_WINE_BOTTLE_CARRIER.aspx
TTBL GEAR,/12340-Promotional-The_Two_Tone_Shirt_-_Mens.aspx
TTTT01-EX_OC,/3543-Promotional-Jenolan__pocket_torch.aspx
TTTT02-EX_OC,/3544-Promotional-Yosamite_torch.aspx
TTTT04-EX_OC,/3545-Promotional-Auckland_heavy_duty_metal_pocket_torchin_carry_case.aspx
TTTT05-EX_OC,/3546-Promotional-Hand_Powered_Dynamo_Torch.aspx
TTTT06-EX_OC,/3547-Promotional-Hand_Powered_Dynamo_Torch.aspx
TTTT07-EX_OC,/3548-Promotional-6pc_Multi_Tool.aspx
TTTT08-EX_OC,/3549-Promotional-5pc_Multi_Tool_with_LED_Torch_Light.aspx
TTTT09-EX_OC,/3550-Promotional-Carabiner_Tape_Measure.aspx
TTTT10-EX_OC,/3551-Promotional-Builders_Tape_Measure.aspx
TTTT11-EX_OC,/3552-Promotional-Potable_car_vacuum_cleaner.aspx
TTTT12-EX_OC,/3553-Promotional-Portable_Electronic_Scale.aspx
TU GEAR,/12341-Promotional-The_Urban_Mini_Rectangle_Shirt_-_Mens.aspx
TV GEAR,/12342-Promotional-The_Traveller_Shirt_-_Mens.aspx
TWLL01-EX_OC,/3554-Promotional-Carolina_cotton_towels.aspx
TWLL02-EX_OC,/3555-Promotional-Florida_cotton_bath_towel.aspx
TWLL03-EX_OC,/3556-Promotional-Sanfransico_terry_beach_towel_380GSM.aspx
TWLL04-EX_OC,/3557-Promotional-Chicago_microfibre_sports_towels.aspx
TY-STR01,/3779-Promotional-Cube_Stress_Ball.aspx
TY-STR02,/3780-Promotional-STRESS_RUGBY_BALL.aspx
TY-STR03,/3781-Promotional-Classic_Design_Stress_Ball.aspx
TY-STR04,/3782-Promotional-Football_Stress_Ball.aspx
TY-STR05,/3783-Promotional-Hat_Stress_Ball.aspx
TY-STR06,/3784-Promotional-White_and_Black_Stress_Thong.aspx
TY-STR07,/3785-Promotional-STRESS_AUSSIE_MAP.aspx
TY-STR08,/3786-Promotional-Computer_Stress_Ball.aspx
TY-STR09,/3787-Promotional-Light_Bulb_Stress_Ball.aspx
TY-STR10,/3788-Promotional-Star_Stress_Ball.aspx
TY-STR11,/3789-Promotional-House__Stress_Ball.aspx
TY-STR12,/3790-Promotional-Tshirt_Shaped_Stress_Ball.aspx
TY-STR13,/3791-Promotional-Truck_Stress_Shape.aspx
TY-STR14,/3792-Promotional-Van_Stress_Shape.aspx
TY-STR15,/3793-Promotional-Sponge_Stress_Ball.aspx
TY-STR16,/3794-Promotional-Aeroplane_Stress_Ball.aspx
TY-STR17,/3795-Promotional-Heart_Stress_Ball.aspx
TY-STR18,/3796-Promotional-Phone_Stress_Ball.aspx
TYS GEAR,/12343-Promotional-The_Yale_Stripe_Shirt_-_Mens.aspx
Tyvek Custom Printed Wrist Bands,/2516-Promotional-Tyvek_Custom_Printed_Wrist_Bands.aspx
U-03 NW,/12420-Promotional-DELUXE_58CM_AUTOMATIC_UMBRELLA.aspx
U-G02 NW,/12417-Promotional-DELUXE_76CM_GOLF_UMBRELLA.aspx
U50,/1845-Promotional-30_Golf_Umbrella.aspx
U51,/1846-Promotional-Summit_30_Golf_Umbrella.aspx
U55,/1847-Promotional-Executive_Umbrella.aspx
U66,/1848-Promotional-Trendsetter_Umbrella.aspx
U6801,/1849-Promotional-Micro_Traveller_Umbrella.aspx
U7000,/1850-Promotional-Mini_Fold-up_Umbrella_Printed_on_Aluminium_Tube.aspx
U75,/1851-Promotional-Balmoral_Beach_Umbrella.aspx
UB-02 NW,/12419-Promotional-SPIRIT_CINCH_LAUNARY_BAG.aspx
UB-F03 NW,/12418-Promotional-UTILITY_BAG.aspx
UMBB01-IN_OC,/3577-Promotional-Quality_Beach_Umbrella.aspx
UMBB02-IN_OC,/3578-Promotional-Beach_Umbrella.aspx
UMBR01-EX_OC,/3579-Promotional-Bonville_Golf_Umbrella.aspx
UMBR02-EX_OC,/3580-Promotional-The_Coast_Golf_Umbrella.aspx
UMBR03-EX_OC,/3581-Promotional-St_Andrews_Golf_Umbrella.aspx
UMBR04-EX_OC,/3582-Promotional-Central_Park_Umbrella.aspx
UMBR05-EX_OC,/3583-Promotional-Augusta_Golf_Umbrella.aspx
UMBR06-EX_OC,/3584-Promotional-Bathurst_Compact_Umbrella.aspx
UMBR07-EX_OC,/3585-Promotional-London_Business_Umbrella.aspx
UMBR08-EX_OC,/3586-Promotional-Grand_Prix_Umbrella.aspx
UMBR09-EX_OC,/3587-Promotional-New_York_Corporate_Umbrella_with_Wooden_Handle.aspx
UMBR10-EX_OC,/3588-Promotional-Beijing_16_Panel_Umbrella.aspx
UMBR11-EX_OC,/3589-Promotional-Sunburst_Golf_Umbrella.aspx
UMBR12-EX_OC,/3590-Promotional-Spectator_Umbrella.aspx
UMBR13-EX_OC,/3591-Promotional-Spring_Carnival_Umbrella.aspx
UMBR14-EX_OC,/3592-Promotional-Hunter_Valley_Portable_Steel_Shaft_Umbrella.aspx
UMBR15-EX_OC,/3593-Promotional-Chelsea_Fully_Printed_Umbrella.aspx
UMBR16-EX_OC,/3594-Promotional-Paris_Compact_Umbrella.aspx
UMBR17-EX_OC,/3595-Promotional-New_York_Style_Umbrella.aspx
UMBR18-EX_OC,/3596-Promotional-Antarctic_Clear_Plastic_Umbrella.aspx
UMBR19-EX_OC,/3597-Promotional-Iceland_Clear_Plastic_Umbrella.aspx
UMBR20-EX_OC,/3598-Promotional-Canada_Clear_Plastic_Umbrella.aspx
UMBR21-EX_OC,/3599-Promotional-Compact_Umbrella_with_steel_shaft.aspx
UMBR22-EX_OC,/3600-Promotional-Hunter_Valley_Compact_Umbrella_with_Case.aspx
USB5205 CPR,/10965-Promotional-Pelican_Table_Light.aspx
USB5206 CPR,/10999-Promotional-E-Bro_Web_Key.aspx
USB5207 CPR,/11000-Promotional-E-Card_Web_Key.aspx
USM6212GL CPR,/10951-Promotional-Chain_USB_Leather_II_Flash_Drive.aspx
USM6212M CPR,/10952-Promotional-Chain_USB_Two_Tone_Flash_Drive.aspx
USM6212P CPR,/10953-Promotional-Chain_USB_3D.aspx
USM6244A CPR,/10954-Promotional-Mercury_Flash_Drive_USB2.0.aspx
USM6286 CPR,/10955-Promotional-Tornado_USB.aspx
USM6292 CPR,/10997-Promotional-Touch_USB_Pen.aspx
USM6293 CPR,/10956-Promotional-Clipso_USB.aspx
USM6299 CPR,/10957-Promotional-Styl-USB.aspx
USM6300 CPR,/10998-Promotional-Silly_Watch_2.0.aspx
USM6301 CPR,/10958-Promotional-Pouchy_USB.aspx
V-01 NW,/12416-Promotional-GOLF__VISOR.aspx
V001,/2766-Promotional-Hardened_Rubber_Foam_Visor.aspx
VC001-c,/4054-Promotional-Unscented_Votive_Candle.aspx
VC002-c,/4055-Promotional-Aromatic_Votive_Candle.aspx
Vehicle Wraps,/10737-Promotional-Vehicle_Wraps.aspx
Verona  Harvest,/10356-Promotional-Verona_Ladies_Polo.aspx
VIHW01-EX_OC,/3525-Promotional-Wimbledon_Sun_Visor.aspx
Vinyl Banners,/4381-Promotional-Outdoor_Vinyl_Banners.aspx
Virginia  Harvest,/10357-Promotional-Virginia_Ladies_Shirt.aspx
Virgo Cord Lanyard with Alligator Clip,/2517-Promotional-Virgo_Cord_Lanyard_with_Alligator_Clip.aspx
VP GEAR,/12344-Promotional-Victory_Cotton_Polo_Shirts.aspx
VRBS6801 Bis,/11102-Promotional-Insect_Protection_Business_Shirt_-_Long_Sleeve.aspx
VRC6718 Bis,/11107-Promotional-Insect_Protection_Coverall_-_Hi_Vis_Lightweight.aspx
VRC6720 Bis,/11108-Promotional-Insect_Protection_Coverall_-_2_Tone_Hi_Vis_Regular_Weight.aspx
VRLP6285 Bis,/11110-Promotional-Insect_Protection_Dress_Pant_-_WOMEN'S_Single_Pleat_Front.aspx
VRP6007 Bis,/11103-Promotional-Insect_Protection_Drill_Pant_-_Single_Pleat_Front.aspx
VRP6090 Bis,/11106-Promotional-Insect_Protection_Chino_Pant_-_Single_Pleat_Front.aspx
VRP6999 Bis,/11105-Promotional-Insect_Protection_Utility_Pant_-_Flat_Front.aspx
VRPC6007 Bis,/11104-Promotional-Insect_Protection_8_Pocket_Cargo_-_Flat_Front.aspx
VRS6140 Bis,/11101-Promotional-Insect_Protection_Fishing_Shirt_-_Cool_Lightweight_Long_Sleeve.aspx
VRS6255 Bis,/11099-Promotional-Insect_Protection_Mini_Twill_Shirt_-_Long_Sleeve.aspx
VRS6267 Bis,/11097-Promotional-Insect_Protection_Hi_Vis_Drill_Shirt_-_2_Tone_Long_Sleeve.aspx
VRS6433 Bis,/11096-Promotional-Insect_Protection_Drill_Shirt_-_Long_Sleeve.aspx
VRS6895 Bis,/11098-Promotional-Insect_Protection_Drill_Shirt_-_Cool_Lightweight_2_Tone_Hi_Vis_Gusset_Cuff.aspx
VRS76407 Bis,/11100-Promotional-Insect_Protection_Chambray_Shirt_-_Long_Sleeve.aspx
VRSL6433 Bis,/11109-Promotional-Insect_Protection_Drill_Shirt_-_WOMEN'S_Long_Sleeve.aspx
VRSX7205 Bis,/11111-Promotional-Insect_Protection_Work_Socks_-_Antibacterial.aspx
VT GEAR,/12345-Promotional-Vantage_Top.aspx
W-W01 NW,/12415-Promotional-WATER_RESISTANT_SILICONE_SPORTS_WATCH.aspx
W001,/2767-Promotional-Cooler_with_Base.aspx
W002,/2768-Promotional-Cooler_without_Base.aspx
W003,/2769-Promotional-Square_Mouse_Pad.aspx
W004,/2770-Promotional-Bottle_Sleeve_Holder.aspx
W005,/2771-Promotional-Visor.aspx
W006,/2772-Promotional-Small_Pencil_Case.aspx
W007,/2773-Promotional-Large_Pencil_Case.aspx
W008,/2774-Promotional-Oval_Coaster.aspx
W009,/2775-Promotional-Square_Coaster.aspx
W010,/2776-Promotional-Circle_Coaster.aspx
W011,/2777-Promotional-Sunglasses_Strap.aspx
W012,/2778-Promotional-Slimline_Cooler_with_Base.aspx
W013,/2779-Promotional-Oval_Mouse_Pad.aspx
W014,/2780-Promotional-Zippered_Bottle_Holder.aspx
W015,/2781-Promotional-Collapsible_Cooler_with_Base.aspx
W016,/2782-Promotional-Frisbee.aspx
W05,/1852-Promotional-Velvet_Presentation_Pouch.aspx
W06,/1853-Promotional-Deluxe_Gift_Box_(product_additional).aspx
W07,/1854-Promotional-Deluxe_Gift_Box_Plus_(product_additional).aspx
W08,/1855-Promotional-Deluxe_Gift_Box_Ultra_(product_additional).aspx
W09,/1856-Promotional-Pen_Gift_Box.aspx
W10,/1857-Promotional-Velvet_Deluxe_Gift_Box_(for_pen).aspx
W12,/1858-Promotional-Gift_Box_(product_additional).aspx
W20,/1859-Promotional-Italiano_Gift_Box_(product_additional).aspx
W200,/2783-Promotional-Bikini_Cooler_with_Base.aspx
W210,/2784-Promotional-Bikini_Cooler_without_Base.aspx
W215,/2785-Promotional-French_Maid_Cooler.aspx
W220,/2786-Promotional-French_Maid_Bottle_Cooler.aspx
W225,/2787-Promotional-Chef_Cooler.aspx
W230,/2788-Promotional-Chef_Bottle_Cooler.aspx
W235,/2789-Promotional-Waiter_Cooler.aspx
W509S2,/1860-Promotional-Model_W509S2_Watch.aspx
W575S1,/1861-Promotional-Model_W575S1_Watch.aspx
W575S2,/1862-Promotional-Model_W575S2_Watch.aspx
W707MS,/1863-Promotional-Model_W707MS_Watch.aspx
W707MS-LTH,/1864-Promotional-Model_W707MS-LTH_Watch.aspx
W711S3-D,/1865-Promotional-Model_W711S3-D_Watch.aspx
W725S1-D,/1866-Promotional-Model_W725S1-D_Watch.aspx
W725S3D-SS,/1867-Promotional-Model_W725S3D-SS_Watch.aspx
WAIB01-EX_OC,/3607-Promotional-Money_Belt_/_Waist_Bag_WAIB01-EX_OC.aspx
WAIB02-EX_OC,/3608-Promotional-Money_Belt_/_Waist_Bag_WAIB02-EX_OC.aspx
WAIB03-EX_OC,/3609-Promotional-Money_Belt_/_Waist_Bag_WAIB03-EX_OC.aspx
WAP0031 CPR,/10984-Promotional-Freeze_Watch.aspx
WAP0033 CPR,/10985-Promotional-Bolt_Watch.aspx
Warren  Harvest,/10358-Promotional-Warren_Vest.aspx
WAS GEAR,/12346-Promotional-Active_Shorts_-_Womens.aspx
Waterman Allure Beige Grey Ballpoint,/3056-Promotional-Waterman_Allure_Beige_Grey_Ballpoint.aspx
Waterman Allure Black Ballpoint,/3057-Promotional-Waterman_Allure_Black_Ballpoint.aspx
Waterman Allure Graduate Chrome Ballpoint,/3058-Promotional-Waterman_Allure_Graduate_Chrome_Ballpoint.aspx
Waterman Allure Metallic Blue Ballpoint,/3059-Promotional-Waterman_Allure_Metallic_Blue_Ballpoint.aspx
Waterman Allure Opera Red Ballpoint,/3060-Promotional-Waterman_Allure_Opera_Red_Ballpoint.aspx
Waterman Audace Indian Vibes Ballpoint,/3061-Promotional-Waterman_Audace_Indian_Vibes_Ballpoint.aspx
Waterman Audace Lounge Blue Ballpoint,/3062-Promotional-Waterman_Audace_Lounge_Blue_Ballpoint.aspx
Waterman Audace Midnight Glamour Ballpoint,/3063-Promotional-Waterman_Audace_Midnight_Glamour_Ballpoint.aspx
Waterman Expert Black CT Ballpoint,/3064-Promotional-Waterman_Expert_Black_CT_Ballpoint.aspx
Waterman Expert Black GT Ballpoint,/3065-Promotional-Waterman_Expert_Black_GT_Ballpoint.aspx
Waterman Expert Chrome CT Ballpoint,/3066-Promotional-Waterman_Expert_Chrome_CT_Ballpoint.aspx
Waterman Expert Urban Brown Ballpoint,/3067-Promotional-Waterman_Expert_Urban_Brown_Ballpoint.aspx
Waterman Expert Urban Silver Ballpoint,/3068-Promotional-Waterman_Expert_Urban_Silver_Ballpoint.aspx
Waterman Harmonie Black CT Ballpoint,/3069-Promotional-Waterman_Harmonie_Black_CT_Ballpoint.aspx
Waterman Harmonie Black GT Ballpoint,/3070-Promotional-Waterman_Harmonie_Black_GT_Ballpoint.aspx
Waterman Harmonie Blue Grey CT Ballpoint,/3071-Promotional-Waterman_Harmonie_Blue_Grey_CT_Ballpoint.aspx
Waterman Harmonie Cashmere Beige Ballpoint,/3072-Promotional-Waterman_Harmonie_Cashmere_Beige_Ballpoint.aspx
Waterman Harmonie Glacier Blue CT Ballpoint,/3073-Promotional-Waterman_Harmonie_Glacier_Blue_CT_Ballpoint.aspx
Waterman Hemisphere Lacquer Black Ballpoint,/3074-Promotional-Waterman_Hemisphere_Lacquer_Black_Ballpoint.aspx
Waterman Hemisphere Matte Black Ballpoint,/3075-Promotional-Waterman_Hemisphere_Matte_Black_Ballpoint.aspx
Waterman Hemisphere Matte Black Rollerball,/3076-Promotional-Waterman_Hemisphere_Matte_Black_Rollerball.aspx
Waterman Hemisphere Shimmer Blue Ballpoint,/3077-Promotional-Waterman_Hemisphere_Shimmer_Blue_Ballpoint.aspx
Waterman Hemisphere Shimmer Green Ballpoint,/3078-Promotional-Waterman_Hemisphere_Shimmer_Green_Ballpoint.aspx
Waterman Hemisphere Shimmer Grey Ballpoint,/3079-Promotional-Waterman_Hemisphere_Shimmer_Grey_Ballpoint.aspx
Waterman Hemisphere Stainless Steel CT Ballpoint,/3080-Promotional-Waterman_Hemisphere_Stainless_Steel_CT_Ballpoint.aspx
Waterman Hemisphere Stainless Steel CT Rollerball,/3081-Promotional-Waterman_Hemisphere_Stainless_Steel_CT_Rollerball.aspx
Waterman Hemisphere Stainless Steel GT Ballpoint,/3082-Promotional-Waterman_Hemisphere_Stainless_Steel_GT_Ballpoint.aspx
Waterman Hemisphere Stainless Steel GT Pencil,/3083-Promotional-Waterman_Hemisphere_Stainless_Steel_GT_Pencil.aspx
Waterman Hemisphere Stainless Steel GT Rollerball,/3084-Promotional-Waterman_Hemisphere_Stainless_Steel_GT_Rollerball.aspx
Waterman Hemisphere Stardust Gold GT Ballpoint,/3085-Promotional-Waterman_Hemisphere_Stardust_Gold_GT_Ballpoint.aspx
Waterman Ici Et La Blue CT Ballpoint,/3086-Promotional-Waterman_Ici_Et_La_Blue_CT_Ballpoint.aspx
Waterman Ici Et La Golden Beige GT Ballpoint,/3087-Promotional-Waterman_Ici_Et_La_Golden_Beige_GT_Ballpoint.aspx
Waterman Ici Et La Red GT Ballpoint,/3088-Promotional-Waterman_Ici_Et_La_Red_GT_Ballpoint.aspx
Waterman Ici Et La Sweet Lilac CT Ballpoint,/3089-Promotional-Waterman_Ici_Et_La_Sweet_Lilac_CT_Ballpoint.aspx
Waterville  Harvest,/10359-Promotional-Waterville_Ladies_Jacket.aspx
WB10,/1868-Promotional-Round_Watch_Case.aspx
WB100,/2790-Promotional-Water_Drink_Bottle.aspx
WB1001-i,/4056-Promotional-Silicone_Wristband_-_Customized.aspx
WB1002-i,/4057-Promotional-Debossed_Wristband.aspx
WB1003-i,/4058-Promotional-Multicolour_Wristband.aspx
WB18,/1869-Promotional-Slimline_Watch_Case.aspx
WB200,/2791-Promotional-Sports_Drink_Bottle.aspx
WB28,/1870-Promotional-Square_Watch_Box.aspx
WB29,/1871-Promotional-Rectangular_Watch_Box.aspx
WB300,/2792-Promotional-Drink_Bottle.aspx
WB612S1,/1872-Promotional-Model_WB612S1_Watch.aspx
WB612S2,/1873-Promotional-Model_WB612S2_Watch.aspx
WDGAXP GEAR,/12347-Promotional-Dri_Gear_Axis_Polo_-_Womens.aspx
WDGCP GEAR,/12348-Promotional-Dri_Gear_Corporate_Pinnacle_Polo_-_Womens.aspx
WDGFP GEAR,/12349-Promotional-Dri_Gear_Fairway_Polo_-_Womens.aspx
WDGHP GEAR,/12350-Promotional-Dri_Gear_Hype_Polo_-_Womens.aspx
WDGKP GEAR,/12351-Promotional-Dri_Gear_Kinetic_Polo_-_Womens.aspx
WDGMP GEAR,/12352-Promotional-Dri_Gear_Matrix_Polo_-_Womens.aspx
WDGOL GEAR,/12353-Promotional-Dri_Gear_Ottoman_Lite_Polo_-_Womens.aspx
WDGR GEAR,/12354-Promotional-Dri_Gear_Plain_Raglan_Tee_-_Womens.aspx
WDGSH GEAR,/12355-Promotional-Dri_Gear_Shorts_-_Womens.aspx
WDGSS GEAR,/12356-Promotional-Dri_Gear_Spliced_Zenith_Singlet_-_Womens.aspx
WDGT GEAR,/12357-Promotional-Dri_Gear_Active_Viper_Tee_-_Womens.aspx
WDGVPP GEAR,/12358-Promotional-Dri_Gear_Vapour_Polo_-_Womens.aspx
WDGVQP GEAR,/12359-Promotional-Dri_Gear_Vanquish_Polo_-_Womens.aspx
WDJ GEAR,/12360-Promotional-District_Jacket_-_Womens.aspx
WDP0043 CPR,/10966-Promotional-Proyecto_Watch.aspx
Webster  Harvest,/10360-Promotional-Webster_Mens_Polo.aspx
WEGCP GEAR,/12361-Promotional-Merino_Contoured_Pullover_-_Womens.aspx
WEGMCD GEAR,/12362-Promotional-Merino_Cardigan_-_Womens.aspx
WEGMCI GEAR,/12363-Promotional-Merino_Contrast_Insert_Pullover_-_Womens.aspx
WEGMDP GEAR,/12364-Promotional-Merino_Detailed_Vee_Pullover_-_Womens.aspx
WEGMFV GEAR,/12365-Promotional-Merino_woolFully_Fashioned_Vest_-_Womens.aspx
WEGMSP GEAR,/12366-Promotional-Merino_Short_Sleeve_Polo_-_Womens.aspx
WEGMV GEAR,/12367-Promotional-Merino_wool_Vest_-_Womens.aspx
WEGMX GEAR,/12368-Promotional-Merino_Crossover_Top_-_Womens.aspx
WEGMZ GEAR,/12369-Promotional-Merino_Zip_Pullover_-_Womens.aspx
WEJ GEAR,/12370-Promotional-Element_Jacket_-_Womens.aspx
Wenger 27 Litre Back Pack Promo Bag,/10733-Promotional-Wenger_27L_Back_pack.aspx
WEOE GEAR,/12371-Promotional-The_End_on_End_Shirt_-_Womens.aspx
WEP GEAR,/12372-Promotional-Eclipse_Polo_-_Womens.aspx
WES GEAR,/12373-Promotional-The_Euro_Corporate_Stripe_Shirt_-_Womens.aspx
Westhope  Harvest,/10361-Promotional-Westhope_Mens_Jacket.aspx
WETP GEAR,/12374-Promotional-Eco-Trail_Polo_-_Womens.aspx
WFP GEAR,/12375-Promotional-Fusion_Polo_-_Womens.aspx
WG001,/12983-Promotional-Basic_Golf_Umbrella.aspx
WG002,/12984-Promotional-Pro_Golf_Umbrella.aspx
WG006,/12985-Promotional-Hurricane_Golf_Umbrella.aspx
WG008,/12986-Promotional-Eagle_Golf_Umbrella.aspx
WG0095,/12988-Promotional-Typhoon_Golf_Umbrella.aspx
WG011,/12987-Promotional-Edge_Golf_Umbrella.aspx
WHE101-c,/4059-Promotional-Wheat_Eye_Pillow.aspx
WI-PM01,/3797-Promotional-ALPHA_PEN.aspx
WI-PM02,/3798-Promotional-GAMMA_PEN.aspx
WI-PM03,/3799-Promotional-OMEGA_PEN.aspx
WI-PM04,/3800-Promotional-EPSILON_PEN.aspx
WI-PP01,/3801-Promotional-OXFORD_PEN.aspx
WI-PP02,/3802-Promotional-YALE_PEN.aspx
WI-PP03,/3803-Promotional-STANFORD_PEN.aspx
WI-PP04,/3804-Promotional-DUKE_PEN.aspx
WI-PP05,/3805-Promotional-DEAKIN_PEN.aspx
WI-PP06,/3806-Promotional-MONASH_PEN.aspx
WI-PP07,/3807-Promotional-CORNELL_PEN.aspx
WI-PP08,/3808-Promotional-TRINITY_PEN.aspx
WI-PP09,/3809-Promotional-DURHAM_PEN.aspx
WI-PP10,/3810-Promotional-ETON_PEN.aspx
WI-PP11,/3811-Promotional-BOSTON_PEN.aspx
WI-PP12,/3812-Promotional-PRINCETON_PEN.aspx
WI-PP13,/3813-Promotional-HARVARD_PEN.aspx
WI-PP14,/3814-Promotional-CAMBRIDGE_PEN.aspx
WI-PP15,/3815-Promotional-COLUMBIA_PEN.aspx
WI-PP16,/3816-Promotional-PURDUE_PEN.aspx
WI-PP17,/3817-Promotional-FLINDERS_PEN.aspx
WI-PP18,/3818-Promotional-DARTMOUTH_PEN.aspx
WI-PP19,/3819-Promotional-SURREY_PEN.aspx
WI-PP20,/3820-Promotional-YORK_PEN.aspx
WI-PP21,/3821-Promotional-LAVAL_PEN.aspx
WI-PP22,/3822-Promotional-FUDAN_PEN.aspx
WI-PP23,/3823-Promotional-GEORGETOWN_PEN.aspx
WI-PP24,/3824-Promotional-HOGWARTS_PEN.aspx
WI-PP25,/3825-Promotional-DREXEL_PEN.aspx
WI-PP26,/3826-Promotional-CARLETON_PEN.aspx
WI-PP27,/3827-Promotional-CALTECH_PEN.aspx
WI-PP28,/3828-Promotional-PORTLAND_PEN.aspx
WI-PP29,/3829-Promotional-TIFFIN_PEN.aspx
WI-PP30,/3830-Promotional-LATROBE_PEN.aspx
WI-PP31,/3831-Promotional-MACQUARIE_PEN.aspx
William Harvest,/10362-Promotional-William_Mens_Twill_Shirt.aspx
Winona  Harvest,/10363-Promotional-Winona_Ladies_Shell_Jacket.aspx
WIPJ GEAR,/12376-Promotional-Ice_Vista_Jacket_-_Womens.aspx
WIPV GEAR,/12377-Promotional-Ice_Vista_Vest_-_Womens.aspx
WJO GEAR,/12378-Promotional-Jacquard_Ottoman_Balmoral_Polo_-_Womens.aspx
WL001,/12989-Promotional-Thrifty_Compact_Umbrella.aspx
WL003,/12990-Promotional-Tri-Fold_Compact_Umbrella.aspx
WL0041,/12993-Promotional-Delta_Compact_Umbrella.aspx
WL0067,/12994-Promotional-Traveller_Compact_Umbrella.aspx
WL0077,/12995-Promotional-Majestic_Compact_Umbrella.aspx
WL0078,/12996-Promotional-Manager_Compact_Umbrella.aspx
WL022,/12991-Promotional-Boutique_Umbrella.aspx
WL032,/12992-Promotional-Euro-TechExecutive_Umbrella.aspx
WL629S3,/1874-Promotional-Model_WL629S3_Watch.aspx
WL644S2-D,/1875-Promotional-Model_WL644S2-D_Watch.aspx
WL645S1,/1876-Promotional-Model_WL645S1_Watch.aspx
WL645S2,/1877-Promotional-Model_WL645S2_Watch.aspx
WL713S1-SS,/1878-Promotional-Model_WL713S1-SS_Watch.aspx
WL724S,/1879-Promotional-Model_WL724S_Watch.aspx
WL724SD-BK-SS,/1880-Promotional-Model_WL724SD-BK-SS_Watch.aspx
WL836S5,/1881-Promotional-Model_WL836S5_Watch.aspx
WLV GEAR,/12379-Promotional-Legacy_Vest_-_Womens.aspx
WM001,/12997-Promotional-Colt_Compact_Umbrella.aspx
WM005,/12998-Promotional-Firm_Compact_Umbrella.aspx
WM0050,/13004-Promotional-Shadow_Compact_Umbrella.aspx
WM0051,/13005-Promotional-Gentry_Compact_Umbrella.aspx
WM0061,/13006-Promotional-Agent_Compact_Umbrella.aspx
WM0065,/13007-Promotional-Metro_Compact_Umbrella.aspx
WM007V,/12999-Promotional-Giant_Compact_Umbrella.aspx
WM022,/13000-Promotional-Euro_Corporate_Umbrella.aspx
WM029,/13001-Promotional-Executive_Corporate_Umbrella.aspx
WM030,/13002-Promotional-Premium_Compact_Umbrella.aspx
WM031,/13012-Promotional-Dapper_Corporate_Umbrella.aspx
WM040,/13003-Promotional-Admiral_Corporate_Umbrella.aspx
WM626S1,/1882-Promotional-Model_WM626S1_Watch.aspx
WM629S3,/1883-Promotional-Model_WM629S3_Watch.aspx
WM644S2-D,/1884-Promotional-Model_WM644S2-D_Watch.aspx
WM645S1,/1885-Promotional-Model_WM645S1_Watch.aspx
WM645S2,/1886-Promotional-Model_WM645S2_Watch.aspx
WM713S1-SS,/1887-Promotional-Model_WM713S1-SS_Watch.aspx
WM724S,/1888-Promotional-Model_WM724S_Watch.aspx
WM724SD-BK-SS,/1889-Promotional-Model_WM724SD-BK-SS_Watch.aspx
WM751SD-BK-SS,/1890-Promotional-Model_WM751SD-BK-SS_Watch.aspx
WM751SD-BL-SS,/1891-Promotional-Model_WM751SD-BL-SS_Watch.aspx
WM836S2,/1892-Promotional-Model_WM836S2_Watch.aspx
WM836S5,/1893-Promotional-Model_WM836S5_Watch.aspx
WMFJ GEAR,/12380-Promotional-Womens_Microfleece_Jacket.aspx
WMHP GEAR,/12381-Promotional-Manhattan_Polo_-_Womens.aspx
WMWJ GEAR,/12382-Promotional-Melton_Wool_Ceo_Jacket_-_Womens.aspx
WPCP GEAR,/12383-Promotional-Pinacool_Eco_Polo_-_Womens.aspx
WPFM01,/743-Promotional-Custom_PVC_Fridge_Magnet.aspx
WPLJ GEAR,/12384-Promotional-Portland_Jacket_-_Womens.aspx
WPPF01,/744-Promotional-Custom_PVC_Photo_Frame.aspx
WPPN01,/745-Promotional-Custom_PVC_Pin.aspx
WPPS01,/746-Promotional-Custom_PVC_Phone_Stand.aspx
WPW GEAR,/12385-Promotional-The_Prince_of_Wales_Check_Shirt_-_Womens.aspx
WPWT,/1894-Promotional-Transparent_Watch_Box.aspx
WQDP GEAR,/12386-Promotional-Quantum_Duo_Polo_-_Womens.aspx
WRWP GEAR,/12387-Promotional-Retro_Waffle_Polo_-_Womens.aspx
WT383804,/747-Promotional-38_x_38.aspx
WT385102,/748-Promotional-38_x_51.aspx
WTAB03,/750-Promotional-Armband.aspx
WTAX GEAR,/12388-Promotional-The_Axiom_Check_Shirt_-_Womens.aspx
WTBC GEAR,/12389-Promotional-The_Broadway_Check_Shirt_-_Womens.aspx
WTCUST03,/751-Promotional-Custom.aspx
WTDN GEAR,/12390-Promotional-The_Denison_Shirt_-_Womens.aspx
WTE GEAR,/12391-Promotional-The_Express_Teflon_Shirt_-_Womens.aspx
WTEL GEAR,/12392-Promotional-The_Evolution_Shirt_-_Womens.aspx
WTF GEAR,/12393-Promotional-The_Folio_Check_Shirt_-_Womens.aspx
WTG GEAR,/12394-Promotional-The_Grange_Shirt__-_Womens.aspx
WTL GEAR,/12395-Promotional-The_Limited_Teflon_Shirt_-_Womens.aspx
WTM GEAR,/12396-Promotional-The_Metro_Knightsbridge_Shirt_-_Womens.aspx
WTMO GEAR,/12397-Promotional-The_Milano_Shirt_-_Womens.aspx
WTMT GEAR,/12398-Promotional-The_Matrix_Teflon_Shirt_-_Womens.aspx
WTNP GEAR,/12399-Promotional-The_Newport_Shirt_-_Womens.aspx
WTPL GEAR,/12400-Promotional-The_Protocol_Shirt_-_Womens.aspx
WTRLS GEAR,/12401-Promotional-The_Republic_Long_Sleeve_Shirt_-_Womens.aspx
WTRSS GEAR,/12402-Promotional-The_Republic_Short_Sleeve_Shirt_-_Womens.aspx
WTSHEET2,/752-Promotional-Sheets.aspx
WTU GEAR,/12403-Promotional-The_Urban_Mini_Rectangle_Shirt_-_Womens.aspx
WTV GEAR,/12404-Promotional-The_Traveller_Shirt_-_Womens.aspx
WTYS GEAR,/12405-Promotional-The_Yale_Stripe_Shirt_-_Womens.aspx
WW-V01 NW,/12414-Promotional-HI-VIS_SAFETYVEST_WITH_REFLECTIVETAPE.aspx
WW-V02 NW,/12413-Promotional-HI-VIS_SAFETY_VEST.aspx
WXM539S2,/1895-Promotional-Model_WXM539S2_Watch.aspx
WXTJ GEAR,/12406-Promotional-X-Trail_Jacket_-_Womens.aspx
XTJ GEAR,/12407-Promotional-X-Trail_Jacket_-_Mens.aspx
Y001,/2793-Promotional-2.75_Inch_Wrist_Band.aspx
Y002,/2794-Promotional-5_Inch_Wrist_Band.aspx
Y003,/2795-Promotional-Headband.aspx
Y004,/2796-Promotional-Check_Wrist_Band.aspx
YDGSS GEAR,/12408-Promotional-Youth_Dri_Gear_Spliced_Zenith_Singlet.aspx
YOYO01-EX_OC,/3614-Promotional-Premium_Plastic_YOYO.aspx
YOYO02-EX_OC,/3615-Promotional-Premium_Metal_YOYO.aspx
YOYO03-EX_OC,/3616-Promotional-Standard_Plastic_YOYO.aspx
Z001,/2797-Promotional-1.5cm_Nylon_Webbing_Lanyard.aspx
Z002,/2798-Promotional-2.0cm_Nylon_Webbing_Lanyard.aspx
Z003,/2799-Promotional-1cm_Cotton_Lanyard.aspx
Z1001-c,/4060-Promotional-Face_Paint_Sticks_(Zinc).aspx
